SIZE ,SHAPE ,,STOCK ,COLORSPEC ,COATING ,,BLANK ENVELOPES ,RunSize,UnitPrice,TotalPrice
"4.25"" x 5.5""",Rectangle,,14PT Pearl Metallic,4/1,No Coating,,No Blank Envelopes,25,1.5875,39.69
"4.25"" x 5.5""",Rectangle,,14PT Pearl Metallic,4/1,No Coating,,No Blank Envelopes,50,0.8574,42.87
"4.25"" x 5.5""",Rectangle,,14PT Pearl Metallic,4/1,No Coating,,No Blank Envelopes,75,0.8258,61.93
"4.25"" x 5.5""",Rectangle,,14PT Pearl Metallic,4/1,No Coating,,No Blank Envelopes,100,0.7145,71.45
"4.25"" x 5.5""",Rectangle,,14PT Pearl Metallic,4/1,No Coating,,No Blank Envelopes,250,0.3747,93.68
"4.25"" x 5.5""",Rectangle,,14PT Pearl Metallic,4/1,No Coating,,No Blank Envelopes,500,0.2922,146.09
"4.25"" x 5.5""",Rectangle,,14PT Pearl Metallic,4/1,No Coating,,No Blank Envelopes,1000,0.2652,265.18
"4.25"" x 5.5""",Rectangle,,14PT Pearl Metallic,4/1,No Coating,,Include Pearl Envelopes - A2,25,1.8675,46.69
"4.25"" x 5.5""",Rectangle,,14PT Pearl Metallic,4/1,No Coating,,Include Pearl Envelopes - A2,50,1.0974,54.87
"4.25"" x 5.5""",Rectangle,,14PT Pearl Metallic,4/1,No Coating,,Include Pearl Envelopes - A2,75,1.0391,77.93
"4.25"" x 5.5""",Rectangle,,14PT Pearl Metallic,4/1,No Coating,,Include Pearl Envelopes - A2,100,0.9245,92.45
"4.25"" x 5.5""",Rectangle,,14PT Pearl Metallic,4/1,No Coating,,Include Pearl Envelopes - A2,250,0.5507,137.68
"4.25"" x 5.5""",Rectangle,,14PT Pearl Metallic,4/1,No Coating,,Include Pearl Envelopes - A2,500,0.4382,219.09
"4.25"" x 5.5""",Rectangle,,14PT Pearl Metallic,4/1,No Coating,,Include Pearl Envelopes - A2,1000,0.4112,411.18
"4.25"" x 5.5""",Rectangle,,14PT Pearl Metallic,4/0 (4 color front),No Coating,,No Blank Envelopes,25,1.2704,31.76
"4.25"" x 5.5""",Rectangle,,14PT Pearl Metallic,4/0 (4 color front),No Coating,,No Blank Envelopes,50,0.7624,38.12
"4.25"" x 5.5""",Rectangle,,14PT Pearl Metallic,4/0 (4 color front),No Coating,,No Blank Envelopes,75,0.7410,55.57
"4.25"" x 5.5""",Rectangle,,14PT Pearl Metallic,4/0 (4 color front),No Coating,,No Blank Envelopes,100,0.6350,63.50
"4.25"" x 5.5""",Rectangle,,14PT Pearl Metallic,4/0 (4 color front),No Coating,,No Blank Envelopes,250,0.3493,87.33
"4.25"" x 5.5""",Rectangle,,14PT Pearl Metallic,4/0 (4 color front),No Coating,,No Blank Envelopes,500,0.2763,138.14
"4.25"" x 5.5""",Rectangle,,14PT Pearl Metallic,4/0 (4 color front),No Coating,,No Blank Envelopes,1000,0.2541,254.06
"4.25"" x 5.5""",Rectangle,,14PT Pearl Metallic,4/0 (4 color front),No Coating,,Include Pearl Envelopes - A2,25,1.5504,38.76
"4.25"" x 5.5""",Rectangle,,14PT Pearl Metallic,4/0 (4 color front),No Coating,,Include Pearl Envelopes - A2,50,1.0024,50.12
"4.25"" x 5.5""",Rectangle,,14PT Pearl Metallic,4/0 (4 color front),No Coating,,Include Pearl Envelopes - A2,75,0.9543,71.57
"4.25"" x 5.5""",Rectangle,,14PT Pearl Metallic,4/0 (4 color front),No Coating,,Include Pearl Envelopes - A2,100,0.8450,84.50
"4.25"" x 5.5""",Rectangle,,14PT Pearl Metallic,4/0 (4 color front),No Coating,,Include Pearl Envelopes - A2,250,0.5253,131.33
"4.25"" x 5.5""",Rectangle,,14PT Pearl Metallic,4/0 (4 color front),No Coating,,Include Pearl Envelopes - A2,500,0.4223,211.14
"4.25"" x 5.5""",Rectangle,,14PT Pearl Metallic,4/0 (4 color front),No Coating,,Include Pearl Envelopes - A2,1000,0.4001,400.06
"4.25"" x 5.5""",Rectangle,,14PT Pearl Metallic,4/4 (4 color both sides),No Coating,,No Blank Envelopes,25,1.7786,44.46
"4.25"" x 5.5""",Rectangle,,14PT Pearl Metallic,4/4 (4 color both sides),No Coating,,No Blank Envelopes,50,0.9846,49.23
"4.25"" x 5.5""",Rectangle,,14PT Pearl Metallic,4/4 (4 color both sides),No Coating,,No Blank Envelopes,75,0.9315,69.86
"4.25"" x 5.5""",Rectangle,,14PT Pearl Metallic,4/4 (4 color both sides),No Coating,,No Blank Envelopes,100,0.7621,76.21
"4.25"" x 5.5""",Rectangle,,14PT Pearl Metallic,4/4 (4 color both sides),No Coating,,No Blank Envelopes,250,0.4065,101.62
"4.25"" x 5.5""",Rectangle,,14PT Pearl Metallic,4/4 (4 color both sides),No Coating,,No Blank Envelopes,500,0.3112,155.61
"4.25"" x 5.5""",Rectangle,,14PT Pearl Metallic,4/4 (4 color both sides),No Coating,,No Blank Envelopes,1000,0.2731,273.11
"4.25"" x 5.5""",Rectangle,,14PT Pearl Metallic,4/4 (4 color both sides),No Coating,,Include Pearl Envelopes - A2,25,2.0586,51.46
"4.25"" x 5.5""",Rectangle,,14PT Pearl Metallic,4/4 (4 color both sides),No Coating,,Include Pearl Envelopes - A2,50,1.2246,61.23
"4.25"" x 5.5""",Rectangle,,14PT Pearl Metallic,4/4 (4 color both sides),No Coating,,Include Pearl Envelopes - A2,75,1.1449,85.86
"4.25"" x 5.5""",Rectangle,,14PT Pearl Metallic,4/4 (4 color both sides),No Coating,,Include Pearl Envelopes - A2,100,0.9721,97.21
"4.25"" x 5.5""",Rectangle,,14PT Pearl Metallic,4/4 (4 color both sides),No Coating,,Include Pearl Envelopes - A2,250,0.5825,145.62
"4.25"" x 5.5""",Rectangle,,14PT Pearl Metallic,4/4 (4 color both sides),No Coating,,Include Pearl Envelopes - A2,500,0.4572,228.61
"4.25"" x 5.5""",Rectangle,,14PT Pearl Metallic,4/4 (4 color both sides),No Coating,,Include Pearl Envelopes - A2,1000,0.4191,419.11
"4.25"" x 5.5""",Rounded 4 Corners,"Rounded 1/4""",14PT Pearl Metallic,4/1,No Coating,,No Blank Envelopes,25,2.0586,51.46
"4.25"" x 5.5""",Rounded 4 Corners,"Rounded 1/4""",14PT Pearl Metallic,4/1,No Coating,,No Blank Envelopes,50,1.2246,61.23
"4.25"" x 5.5""",Rounded 4 Corners,"Rounded 1/4""",14PT Pearl Metallic,4/1,No Coating,,No Blank Envelopes,75,1.1449,85.86
"4.25"" x 5.5""",Rounded 4 Corners,"Rounded 1/4""",14PT Pearl Metallic,4/1,No Coating,,No Blank Envelopes,100,0.9721,97.21
"4.25"" x 5.5""",Rounded 4 Corners,"Rounded 1/4""",14PT Pearl Metallic,4/1,No Coating,,No Blank Envelopes,250,0.5825,145.62
"4.25"" x 5.5""",Rounded 4 Corners,"Rounded 1/4""",14PT Pearl Metallic,4/1,No Coating,,No Blank Envelopes,500,0.4572,228.61
"4.25"" x 5.5""",Rounded 4 Corners,"Rounded 1/4""",14PT Pearl Metallic,4/1,No Coating,,No Blank Envelopes,1000,0.4191,419.11
"4.25"" x 5.5""",Rounded 4 Corners,"Rounded 1/4""",14PT Pearl Metallic,4/1,No Coating,,Include Pearl Envelopes - A2,25,2.0586,51.46
"4.25"" x 5.5""",Rounded 4 Corners,"Rounded 1/4""",14PT Pearl Metallic,4/1,No Coating,,Include Pearl Envelopes - A2,50,1.2246,61.23
"4.25"" x 5.5""",Rounded 4 Corners,"Rounded 1/4""",14PT Pearl Metallic,4/1,No Coating,,Include Pearl Envelopes - A2,75,1.1449,85.86
"4.25"" x 5.5""",Rounded 4 Corners,"Rounded 1/4""",14PT Pearl Metallic,4/1,No Coating,,Include Pearl Envelopes - A2,100,0.9721,97.21
"4.25"" x 5.5""",Rounded 4 Corners,"Rounded 1/4""",14PT Pearl Metallic,4/1,No Coating,,Include Pearl Envelopes - A2,250,0.5825,145.62
"4.25"" x 5.5""",Rounded 4 Corners,"Rounded 1/4""",14PT Pearl Metallic,4/1,No Coating,,Include Pearl Envelopes - A2,500,0.4572,228.61
"4.25"" x 5.5""",Rounded 4 Corners,"Rounded 1/4""",14PT Pearl Metallic,4/1,No Coating,,Include Pearl Envelopes - A2,1000,0.4191,419.11
"4.25"" x 5.5""",Rounded 4 Corners,"Rounded 1/4""",14PT Pearl Metallic,4/0 (4 color front),No Coating,,No Blank Envelopes,25,2.0586,51.46
"4.25"" x 5.5""",Rounded 4 Corners,"Rounded 1/4""",14PT Pearl Metallic,4/0 (4 color front),No Coating,,No Blank Envelopes,50,1.2246,61.23
"4.25"" x 5.5""",Rounded 4 Corners,"Rounded 1/4""",14PT Pearl Metallic,4/0 (4 color front),No Coating,,No Blank Envelopes,75,1.1449,85.86
"4.25"" x 5.5""",Rounded 4 Corners,"Rounded 1/4""",14PT Pearl Metallic,4/0 (4 color front),No Coating,,No Blank Envelopes,100,0.9721,97.21
"4.25"" x 5.5""",Rounded 4 Corners,"Rounded 1/4""",14PT Pearl Metallic,4/0 (4 color front),No Coating,,No Blank Envelopes,250,0.5825,145.62
"4.25"" x 5.5""",Rounded 4 Corners,"Rounded 1/4""",14PT Pearl Metallic,4/0 (4 color front),No Coating,,No Blank Envelopes,500,0.4572,228.61
"4.25"" x 5.5""",Rounded 4 Corners,"Rounded 1/4""",14PT Pearl Metallic,4/0 (4 color front),No Coating,,No Blank Envelopes,1000,0.4191,419.11
"4.25"" x 5.5""",Rounded 4 Corners,"Rounded 1/4""",14PT Pearl Metallic,4/0 (4 color front),No Coating,,Include Pearl Envelopes - A2,25,2.0586,51.46
"4.25"" x 5.5""",Rounded 4 Corners,"Rounded 1/4""",14PT Pearl Metallic,4/0 (4 color front),No Coating,,Include Pearl Envelopes - A2,50,1.2246,61.23
"4.25"" x 5.5""",Rounded 4 Corners,"Rounded 1/4""",14PT Pearl Metallic,4/0 (4 color front),No Coating,,Include Pearl Envelopes - A2,75,1.1449,85.86
"4.25"" x 5.5""",Rounded 4 Corners,"Rounded 1/4""",14PT Pearl Metallic,4/0 (4 color front),No Coating,,Include Pearl Envelopes - A2,100,0.9721,97.21
"4.25"" x 5.5""",Rounded 4 Corners,"Rounded 1/4""",14PT Pearl Metallic,4/0 (4 color front),No Coating,,Include Pearl Envelopes - A2,250,0.5825,145.62
"4.25"" x 5.5""",Rounded 4 Corners,"Rounded 1/4""",14PT Pearl Metallic,4/0 (4 color front),No Coating,,Include Pearl Envelopes - A2,500,0.4572,228.61
"4.25"" x 5.5""",Rounded 4 Corners,"Rounded 1/4""",14PT Pearl Metallic,4/0 (4 color front),No Coating,,Include Pearl Envelopes - A2,1000,0.4191,419.11
"4.25"" x 5.5""",Rounded 4 Corners,"Rounded 1/4""",14PT Pearl Metallic,4/4 (4 color both sides),No Coating,,No Blank Envelopes,25,2.0586,51.46
"4.25"" x 5.5""",Rounded 4 Corners,"Rounded 1/4""",14PT Pearl Metallic,4/4 (4 color both sides),No Coating,,No Blank Envelopes,50,1.2246,61.23
"4.25"" x 5.5""",Rounded 4 Corners,"Rounded 1/4""",14PT Pearl Metallic,4/4 (4 color both sides),No Coating,,No Blank Envelopes,75,1.1449,85.86
"4.25"" x 5.5""",Rounded 4 Corners,"Rounded 1/4""",14PT Pearl Metallic,4/4 (4 color both sides),No Coating,,No Blank Envelopes,100,0.9721,97.21
"4.25"" x 5.5""",Rounded 4 Corners,"Rounded 1/4""",14PT Pearl Metallic,4/4 (4 color both sides),No Coating,,No Blank Envelopes,250,0.5825,145.62
"4.25"" x 5.5""",Rounded 4 Corners,"Rounded 1/4""",14PT Pearl Metallic,4/4 (4 color both sides),No Coating,,No Blank Envelopes,500,0.4572,228.61
"4.25"" x 5.5""",Rounded 4 Corners,"Rounded 1/4""",14PT Pearl Metallic,4/4 (4 color both sides),No Coating,,No Blank Envelopes,1000,0.4191,419.11
"4.25"" x 5.5""",Rounded 4 Corners,"Rounded 1/4""",14PT Pearl Metallic,4/4 (4 color both sides),No Coating,,Include Pearl Envelopes - A2,25,2.0586,51.46
"4.25"" x 5.5""",Rounded 4 Corners,"Rounded 1/4""",14PT Pearl Metallic,4/4 (4 color both sides),No Coating,,Include Pearl Envelopes - A2,50,1.2246,61.23
"4.25"" x 5.5""",Rounded 4 Corners,"Rounded 1/4""",14PT Pearl Metallic,4/4 (4 color both sides),No Coating,,Include Pearl Envelopes - A2,75,1.1449,85.86
"4.25"" x 5.5""",Rounded 4 Corners,"Rounded 1/4""",14PT Pearl Metallic,4/4 (4 color both sides),No Coating,,Include Pearl Envelopes - A2,100,0.9721,97.21
"4.25"" x 5.5""",Rounded 4 Corners,"Rounded 1/4""",14PT Pearl Metallic,4/4 (4 color both sides),No Coating,,Include Pearl Envelopes - A2,250,0.5825,145.62
"4.25"" x 5.5""",Rounded 4 Corners,"Rounded 1/4""",14PT Pearl Metallic,4/4 (4 color both sides),No Coating,,Include Pearl Envelopes - A2,500,0.4572,228.61
"4.25"" x 5.5""",Rounded 4 Corners,"Rounded 1/4""",14PT Pearl Metallic,4/4 (4 color both sides),No Coating,,Include Pearl Envelopes - A2,1000,0.4191,419.11
"4.25"" x 5.5""",Rounded 4 Corners,"Rounded 1/8""",14PT Pearl Metallic,4/1,No Coating,,No Blank Envelopes,25,2.0586,51.46
"4.25"" x 5.5""",Rounded 4 Corners,"Rounded 1/8""",14PT Pearl Metallic,4/1,No Coating,,No Blank Envelopes,50,1.2246,61.23
"4.25"" x 5.5""",Rounded 4 Corners,"Rounded 1/8""",14PT Pearl Metallic,4/1,No Coating,,No Blank Envelopes,75,1.1449,85.86
"4.25"" x 5.5""",Rounded 4 Corners,"Rounded 1/8""",14PT Pearl Metallic,4/1,No Coating,,No Blank Envelopes,100,0.9721,97.21
"4.25"" x 5.5""",Rounded 4 Corners,"Rounded 1/8""",14PT Pearl Metallic,4/1,No Coating,,No Blank Envelopes,250,0.5825,145.62
"4.25"" x 5.5""",Rounded 4 Corners,"Rounded 1/8""",14PT Pearl Metallic,4/1,No Coating,,No Blank Envelopes,500,0.4572,228.61
"4.25"" x 5.5""",Rounded 4 Corners,"Rounded 1/8""",14PT Pearl Metallic,4/1,No Coating,,No Blank Envelopes,1000,0.4191,419.11
"4.25"" x 5.5""",Rounded 4 Corners,"Rounded 1/8""",14PT Pearl Metallic,4/1,No Coating,,Include Pearl Envelopes - A2,25,2.0586,51.46
"4.25"" x 5.5""",Rounded 4 Corners,"Rounded 1/8""",14PT Pearl Metallic,4/1,No Coating,,Include Pearl Envelopes - A2,50,1.2246,61.23
"4.25"" x 5.5""",Rounded 4 Corners,"Rounded 1/8""",14PT Pearl Metallic,4/1,No Coating,,Include Pearl Envelopes - A2,75,1.1449,85.86
"4.25"" x 5.5""",Rounded 4 Corners,"Rounded 1/8""",14PT Pearl Metallic,4/1,No Coating,,Include Pearl Envelopes - A2,100,0.9721,97.21
"4.25"" x 5.5""",Rounded 4 Corners,"Rounded 1/8""",14PT Pearl Metallic,4/1,No Coating,,Include Pearl Envelopes - A2,250,0.5825,145.62
"4.25"" x 5.5""",Rounded 4 Corners,"Rounded 1/8""",14PT Pearl Metallic,4/1,No Coating,,Include Pearl Envelopes - A2,500,0.4572,228.61
"4.25"" x 5.5""",Rounded 4 Corners,"Rounded 1/8""",14PT Pearl Metallic,4/1,No Coating,,Include Pearl Envelopes - A2,1000,0.4191,419.11
"4.25"" x 5.5""",Rounded 4 Corners,"Rounded 1/8""",14PT Pearl Metallic,4/0 (4 color front),No Coating,,No Blank Envelopes,25,2.0586,51.46
"4.25"" x 5.5""",Rounded 4 Corners,"Rounded 1/8""",14PT Pearl Metallic,4/0 (4 color front),No Coating,,No Blank Envelopes,50,1.2246,61.23
"4.25"" x 5.5""",Rounded 4 Corners,"Rounded 1/8""",14PT Pearl Metallic,4/0 (4 color front),No Coating,,No Blank Envelopes,75,1.1449,85.86
"4.25"" x 5.5""",Rounded 4 Corners,"Rounded 1/8""",14PT Pearl Metallic,4/0 (4 color front),No Coating,,No Blank Envelopes,100,0.9721,97.21
"4.25"" x 5.5""",Rounded 4 Corners,"Rounded 1/8""",14PT Pearl Metallic,4/0 (4 color front),No Coating,,No Blank Envelopes,250,0.5825,145.62
"4.25"" x 5.5""",Rounded 4 Corners,"Rounded 1/8""",14PT Pearl Metallic,4/0 (4 color front),No Coating,,No Blank Envelopes,500,0.4572,228.61
"4.25"" x 5.5""",Rounded 4 Corners,"Rounded 1/8""",14PT Pearl Metallic,4/0 (4 color front),No Coating,,No Blank Envelopes,1000,0.4191,419.11
"4.25"" x 5.5""",Rounded 4 Corners,"Rounded 1/8""",14PT Pearl Metallic,4/0 (4 color front),No Coating,,Include Pearl Envelopes - A2,25,2.0586,51.46
"4.25"" x 5.5""",Rounded 4 Corners,"Rounded 1/8""",14PT Pearl Metallic,4/0 (4 color front),No Coating,,Include Pearl Envelopes - A2,50,1.2246,61.23
"4.25"" x 5.5""",Rounded 4 Corners,"Rounded 1/8""",14PT Pearl Metallic,4/0 (4 color front),No Coating,,Include Pearl Envelopes - A2,75,1.1449,85.86
"4.25"" x 5.5""",Rounded 4 Corners,"Rounded 1/8""",14PT Pearl Metallic,4/0 (4 color front),No Coating,,Include Pearl Envelopes - A2,100,0.9721,97.21
"4.25"" x 5.5""",Rounded 4 Corners,"Rounded 1/8""",14PT Pearl Metallic,4/0 (4 color front),No Coating,,Include Pearl Envelopes - A2,250,0.5825,145.62
"4.25"" x 5.5""",Rounded 4 Corners,"Rounded 1/8""",14PT Pearl Metallic,4/0 (4 color front),No Coating,,Include Pearl Envelopes - A2,500,0.4572,228.61
"4.25"" x 5.5""",Rounded 4 Corners,"Rounded 1/8""",14PT Pearl Metallic,4/0 (4 color front),No Coating,,Include Pearl Envelopes - A2,1000,0.4191,419.11
"4.25"" x 5.5""",Rounded 4 Corners,"Rounded 1/8""",14PT Pearl Metallic,4/4 (4 color both sides),No Coating,,No Blank Envelopes,100,0.7781,77.81
"4.25"" x 5.5""",Rounded 4 Corners,"Rounded 1/8""",14PT Pearl Metallic,4/4 (4 color both sides),No Coating,,No Blank Envelopes,250,0.4129,103.22
"4.25"" x 5.5""",Rounded 4 Corners,"Rounded 1/8""",14PT Pearl Metallic,4/4 (4 color both sides),No Coating,,No Blank Envelopes,500,0.3144,157.20
"4.25"" x 5.5""",Rounded 4 Corners,"Rounded 1/8""",14PT Pearl Metallic,4/4 (4 color both sides),No Coating,,No Blank Envelopes,1000,0.2795,279.46
"4.25"" x 5.5""",Rounded 4 Corners,"Rounded 1/8""",14PT Pearl Metallic,4/4 (4 color both sides),No Coating,,Include Pearl Envelopes - A2,100,0.9881,98.81
"4.25"" x 5.5""",Rounded 4 Corners,"Rounded 1/8""",14PT Pearl Metallic,4/4 (4 color both sides),No Coating,,Include Pearl Envelopes - A2,250,0.5889,147.22
"4.25"" x 5.5""",Rounded 4 Corners,"Rounded 1/8""",14PT Pearl Metallic,4/4 (4 color both sides),No Coating,,Include Pearl Envelopes - A2,500,0.4604,230.20
"4.25"" x 5.5""",Rounded 4 Corners,"Rounded 1/8""",14PT Pearl Metallic,4/4 (4 color both sides),No Coating,,Include Pearl Envelopes - A2,1000,0.4255,425.46
"4.25"" x 6""",Rectangle,,14PT Pearl Metallic,4/1,No Coating,,No Blank Envelopes,25,1.5875,39.69
"4.25"" x 6""",Rectangle,,14PT Pearl Metallic,4/1,No Coating,,No Blank Envelopes,50,0.8574,42.87
"4.25"" x 6""",Rectangle,,14PT Pearl Metallic,4/1,No Coating,,No Blank Envelopes,75,0.8258,61.93
"4.25"" x 6""",Rectangle,,14PT Pearl Metallic,4/1,No Coating,,No Blank Envelopes,100,0.7145,71.45
"4.25"" x 6""",Rectangle,,14PT Pearl Metallic,4/1,No Coating,,No Blank Envelopes,250,0.3747,93.68
"4.25"" x 6""",Rectangle,,14PT Pearl Metallic,4/1,No Coating,,No Blank Envelopes,500,0.2922,146.09
"4.25"" x 6""",Rectangle,,14PT Pearl Metallic,4/1,No Coating,,No Blank Envelopes,1000,0.2652,265.18
"4.25"" x 6""",Rectangle,,14PT Pearl Metallic,4/1,No Coating,,Include Pearl Envelopes - A6,25,1.5875,39.69
"4.25"" x 6""",Rectangle,,14PT Pearl Metallic,4/1,No Coating,,Include Pearl Envelopes - A6,50,1.1374,56.87
"4.25"" x 6""",Rectangle,,14PT Pearl Metallic,4/1,No Coating,,Include Pearl Envelopes - A6,75,1.0925,81.93
"4.25"" x 6""",Rectangle,,14PT Pearl Metallic,4/1,No Coating,,Include Pearl Envelopes - A6,100,0.9745,97.45
"4.25"" x 6""",Rectangle,,14PT Pearl Metallic,4/1,No Coating,,Include Pearl Envelopes - A6,250,0.5867,146.68
"4.25"" x 6""",Rectangle,,14PT Pearl Metallic,4/1,No Coating,,Include Pearl Envelopes - A6,500,0.4682,234.09
"4.25"" x 6""",Rectangle,,14PT Pearl Metallic,4/1,No Coating,,Include Pearl Envelopes - A6,1000,0.4412,441.18
"4.25"" x 6""",Rectangle,,14PT Pearl Metallic,4/0 (4 color front),No Coating,,No Blank Envelopes,25,1.2704,31.76
"4.25"" x 6""",Rectangle,,14PT Pearl Metallic,4/0 (4 color front),No Coating,,No Blank Envelopes,50,0.7624,38.12
"4.25"" x 6""",Rectangle,,14PT Pearl Metallic,4/0 (4 color front),No Coating,,No Blank Envelopes,75,0.7410,55.57
"4.25"" x 6""",Rectangle,,14PT Pearl Metallic,4/0 (4 color front),No Coating,,No Blank Envelopes,100,0.6350,63.50
"4.25"" x 6""",Rectangle,,14PT Pearl Metallic,4/0 (4 color front),No Coating,,No Blank Envelopes,250,0.3493,87.33
"4.25"" x 6""",Rectangle,,14PT Pearl Metallic,4/0 (4 color front),No Coating,,No Blank Envelopes,500,0.2763,138.14
"4.25"" x 6""",Rectangle,,14PT Pearl Metallic,4/0 (4 color front),No Coating,,No Blank Envelopes,1000,0.2541,254.06
"4.25"" x 6""",Rectangle,,14PT Pearl Metallic,4/0 (4 color front),No Coating,,Include Pearl Envelopes - A6,25,1.2704,31.76
"4.25"" x 6""",Rectangle,,14PT Pearl Metallic,4/0 (4 color front),No Coating,,Include Pearl Envelopes - A6,50,1.0424,52.12
"4.25"" x 6""",Rectangle,,14PT Pearl Metallic,4/0 (4 color front),No Coating,,Include Pearl Envelopes - A6,75,1.0077,75.57
"4.25"" x 6""",Rectangle,,14PT Pearl Metallic,4/0 (4 color front),No Coating,,Include Pearl Envelopes - A6,100,0.8950,89.50
"4.25"" x 6""",Rectangle,,14PT Pearl Metallic,4/0 (4 color front),No Coating,,Include Pearl Envelopes - A6,250,0.5613,140.33
"4.25"" x 6""",Rectangle,,14PT Pearl Metallic,4/0 (4 color front),No Coating,,Include Pearl Envelopes - A6,500,0.4523,226.14
"4.25"" x 6""",Rectangle,,14PT Pearl Metallic,4/0 (4 color front),No Coating,,Include Pearl Envelopes - A6,1000,0.4301,430.06
"4.25"" x 6""",Rectangle,,14PT Pearl Metallic,4/4 (4 color both sides),No Coating,,No Blank Envelopes,25,1.7786,44.46
"4.25"" x 6""",Rectangle,,14PT Pearl Metallic,4/4 (4 color both sides),No Coating,,No Blank Envelopes,50,0.9846,49.23
"4.25"" x 6""",Rectangle,,14PT Pearl Metallic,4/4 (4 color both sides),No Coating,,No Blank Envelopes,75,0.9315,69.86
"4.25"" x 6""",Rectangle,,14PT Pearl Metallic,4/4 (4 color both sides),No Coating,,No Blank Envelopes,100,0.7621,76.21
"4.25"" x 6""",Rectangle,,14PT Pearl Metallic,4/4 (4 color both sides),No Coating,,No Blank Envelopes,250,0.4065,101.62
"4.25"" x 6""",Rectangle,,14PT Pearl Metallic,4/4 (4 color both sides),No Coating,,No Blank Envelopes,500,0.3112,155.61
"4.25"" x 6""",Rectangle,,14PT Pearl Metallic,4/4 (4 color both sides),No Coating,,No Blank Envelopes,1000,0.2731,273.11
"4.25"" x 6""",Rectangle,,14PT Pearl Metallic,4/4 (4 color both sides),No Coating,,Include Pearl Envelopes - A6,25,1.7786,44.46
"4.25"" x 6""",Rectangle,,14PT Pearl Metallic,4/4 (4 color both sides),No Coating,,Include Pearl Envelopes - A6,50,1.2646,63.23
"4.25"" x 6""",Rectangle,,14PT Pearl Metallic,4/4 (4 color both sides),No Coating,,Include Pearl Envelopes - A6,75,1.1982,89.86
"4.25"" x 6""",Rectangle,,14PT Pearl Metallic,4/4 (4 color both sides),No Coating,,Include Pearl Envelopes - A6,100,1.0221,102.21
"4.25"" x 6""",Rectangle,,14PT Pearl Metallic,4/4 (4 color both sides),No Coating,,Include Pearl Envelopes - A6,250,0.6185,154.62
"4.25"" x 6""",Rectangle,,14PT Pearl Metallic,4/4 (4 color both sides),No Coating,,Include Pearl Envelopes - A6,500,0.4872,243.61
"4.25"" x 6""",Rectangle,,14PT Pearl Metallic,4/4 (4 color both sides),No Coating,,Include Pearl Envelopes - A6,1000,0.4491,449.11
"4.25"" x 6""",Rounded 4 Corners,"Rounded 1/4""",14PT Pearl Metallic,4/1,No Coating,,No Blank Envelopes,100,0.7304,73.04
"4.25"" x 6""",Rounded 4 Corners,"Rounded 1/4""",14PT Pearl Metallic,4/1,No Coating,,No Blank Envelopes,250,0.3811,95.28
"4.25"" x 6""",Rounded 4 Corners,"Rounded 1/4""",14PT Pearl Metallic,4/1,No Coating,,No Blank Envelopes,500,0.2953,147.67
"4.25"" x 6""",Rounded 4 Corners,"Rounded 1/4""",14PT Pearl Metallic,4/1,No Coating,,No Blank Envelopes,1000,0.2699,269.94
"4.25"" x 6""",Rounded 4 Corners,"Rounded 1/4""",14PT Pearl Metallic,4/1,No Coating,,Include Pearl Envelopes - A6,100,0.9904,99.04
"4.25"" x 6""",Rounded 4 Corners,"Rounded 1/4""",14PT Pearl Metallic,4/1,No Coating,,Include Pearl Envelopes - A6,250,0.5931,148.28
"4.25"" x 6""",Rounded 4 Corners,"Rounded 1/4""",14PT Pearl Metallic,4/1,No Coating,,Include Pearl Envelopes - A6,500,0.4713,235.67
"4.25"" x 6""",Rounded 4 Corners,"Rounded 1/4""",14PT Pearl Metallic,4/1,No Coating,,Include Pearl Envelopes - A6,1000,0.4459,445.94
"4.25"" x 6""",Rounded 4 Corners,"Rounded 1/4""",14PT Pearl Metallic,4/0 (4 color front),No Coating,,No Blank Envelopes,100,0.6510,65.10
"4.25"" x 6""",Rounded 4 Corners,"Rounded 1/4""",14PT Pearl Metallic,4/0 (4 color front),No Coating,,No Blank Envelopes,250,0.3557,88.92
"4.25"" x 6""",Rounded 4 Corners,"Rounded 1/4""",14PT Pearl Metallic,4/0 (4 color front),No Coating,,No Blank Envelopes,500,0.2795,139.74
"4.25"" x 6""",Rounded 4 Corners,"Rounded 1/4""",14PT Pearl Metallic,4/0 (4 color front),No Coating,,No Blank Envelopes,1000,0.2588,258.82
"4.25"" x 6""",Rounded 4 Corners,"Rounded 1/4""",14PT Pearl Metallic,4/0 (4 color front),No Coating,,Include Pearl Envelopes - A6,100,0.9110,91.10
"4.25"" x 6""",Rounded 4 Corners,"Rounded 1/4""",14PT Pearl Metallic,4/0 (4 color front),No Coating,,Include Pearl Envelopes - A6,250,0.5677,141.92
"4.25"" x 6""",Rounded 4 Corners,"Rounded 1/4""",14PT Pearl Metallic,4/0 (4 color front),No Coating,,Include Pearl Envelopes - A6,500,0.4555,227.74
"4.25"" x 6""",Rounded 4 Corners,"Rounded 1/4""",14PT Pearl Metallic,4/0 (4 color front),No Coating,,Include Pearl Envelopes - A6,1000,0.4348,434.82
"4.25"" x 6""",Rounded 4 Corners,"Rounded 1/4""",14PT Pearl Metallic,4/4 (4 color both sides),No Coating,,No Blank Envelopes,100,0.7781,77.81
"4.25"" x 6""",Rounded 4 Corners,"Rounded 1/4""",14PT Pearl Metallic,4/4 (4 color both sides),No Coating,,No Blank Envelopes,250,0.4129,103.22
"4.25"" x 6""",Rounded 4 Corners,"Rounded 1/4""",14PT Pearl Metallic,4/4 (4 color both sides),No Coating,,No Blank Envelopes,500,0.3144,157.20
"4.25"" x 6""",Rounded 4 Corners,"Rounded 1/4""",14PT Pearl Metallic,4/4 (4 color both sides),No Coating,,No Blank Envelopes,1000,0.2795,279.46
"4.25"" x 6""",Rounded 4 Corners,"Rounded 1/4""",14PT Pearl Metallic,4/4 (4 color both sides),No Coating,,Include Pearl Envelopes - A6,100,1.0381,103.81
"4.25"" x 6""",Rounded 4 Corners,"Rounded 1/4""",14PT Pearl Metallic,4/4 (4 color both sides),No Coating,,Include Pearl Envelopes - A6,250,0.6249,156.22
"4.25"" x 6""",Rounded 4 Corners,"Rounded 1/4""",14PT Pearl Metallic,4/4 (4 color both sides),No Coating,,Include Pearl Envelopes - A6,500,0.4904,245.20
"4.25"" x 6""",Rounded 4 Corners,"Rounded 1/4""",14PT Pearl Metallic,4/4 (4 color both sides),No Coating,,Include Pearl Envelopes - A6,1000,0.4555,455.46
"4.25"" x 6""",Rounded 4 Corners,"Rounded 1/8""",14PT Pearl Metallic,4/1,No Coating,,No Blank Envelopes,100,0.7304,73.04
"4.25"" x 6""",Rounded 4 Corners,"Rounded 1/8""",14PT Pearl Metallic,4/1,No Coating,,No Blank Envelopes,250,0.3811,95.28
"4.25"" x 6""",Rounded 4 Corners,"Rounded 1/8""",14PT Pearl Metallic,4/1,No Coating,,No Blank Envelopes,500,0.2953,147.67
"4.25"" x 6""",Rounded 4 Corners,"Rounded 1/8""",14PT Pearl Metallic,4/1,No Coating,,No Blank Envelopes,1000,0.2699,269.94
"4.25"" x 6""",Rounded 4 Corners,"Rounded 1/8""",14PT Pearl Metallic,4/1,No Coating,,Include Pearl Envelopes - A6,100,0.9904,99.04
"4.25"" x 6""",Rounded 4 Corners,"Rounded 1/8""",14PT Pearl Metallic,4/1,No Coating,,Include Pearl Envelopes - A6,250,0.5931,148.28
"4.25"" x 6""",Rounded 4 Corners,"Rounded 1/8""",14PT Pearl Metallic,4/1,No Coating,,Include Pearl Envelopes - A6,500,0.4713,235.67
"4.25"" x 6""",Rounded 4 Corners,"Rounded 1/8""",14PT Pearl Metallic,4/1,No Coating,,Include Pearl Envelopes - A6,1000,0.4459,445.94
"4.25"" x 6""",Rounded 4 Corners,"Rounded 1/8""",14PT Pearl Metallic,4/0 (4 color front),No Coating,,No Blank Envelopes,100,0.6510,65.10
"4.25"" x 6""",Rounded 4 Corners,"Rounded 1/8""",14PT Pearl Metallic,4/0 (4 color front),No Coating,,No Blank Envelopes,250,0.3557,88.92
"4.25"" x 6""",Rounded 4 Corners,"Rounded 1/8""",14PT Pearl Metallic,4/0 (4 color front),No Coating,,No Blank Envelopes,500,0.2795,139.74
"4.25"" x 6""",Rounded 4 Corners,"Rounded 1/8""",14PT Pearl Metallic,4/0 (4 color front),No Coating,,No Blank Envelopes,1000,0.2588,258.82
"4.25"" x 6""",Rounded 4 Corners,"Rounded 1/8""",14PT Pearl Metallic,4/0 (4 color front),No Coating,,Include Pearl Envelopes - A6,100,0.9110,91.10
"4.25"" x 6""",Rounded 4 Corners,"Rounded 1/8""",14PT Pearl Metallic,4/0 (4 color front),No Coating,,Include Pearl Envelopes - A6,250,0.5677,141.92
"4.25"" x 6""",Rounded 4 Corners,"Rounded 1/8""",14PT Pearl Metallic,4/0 (4 color front),No Coating,,Include Pearl Envelopes - A6,500,0.4555,227.74
"4.25"" x 6""",Rounded 4 Corners,"Rounded 1/8""",14PT Pearl Metallic,4/0 (4 color front),No Coating,,Include Pearl Envelopes - A6,1000,0.4348,434.82
"4.25"" x 6""",Rounded 4 Corners,"Rounded 1/8""",14PT Pearl Metallic,4/4 (4 color both sides),No Coating,,No Blank Envelopes,100,0.7781,77.81
"4.25"" x 6""",Rounded 4 Corners,"Rounded 1/8""",14PT Pearl Metallic,4/4 (4 color both sides),No Coating,,No Blank Envelopes,250,0.4129,103.22
"4.25"" x 6""",Rounded 4 Corners,"Rounded 1/8""",14PT Pearl Metallic,4/4 (4 color both sides),No Coating,,No Blank Envelopes,500,0.3144,157.20
"4.25"" x 6""",Rounded 4 Corners,"Rounded 1/8""",14PT Pearl Metallic,4/4 (4 color both sides),No Coating,,No Blank Envelopes,1000,0.2795,279.46
"4.25"" x 6""",Rounded 4 Corners,"Rounded 1/8""",14PT Pearl Metallic,4/4 (4 color both sides),No Coating,,Include Pearl Envelopes - A6,100,1.0381,103.81
"4.25"" x 6""",Rounded 4 Corners,"Rounded 1/8""",14PT Pearl Metallic,4/4 (4 color both sides),No Coating,,Include Pearl Envelopes - A6,250,0.6249,156.22
"4.25"" x 6""",Rounded 4 Corners,"Rounded 1/8""",14PT Pearl Metallic,4/4 (4 color both sides),No Coating,,Include Pearl Envelopes - A6,500,0.4904,245.20
"4.25"" x 6""",Rounded 4 Corners,"Rounded 1/8""",14PT Pearl Metallic,4/4 (4 color both sides),No Coating,,Include Pearl Envelopes - A6,1000,0.4555,455.46
"5"" x 7""",Rectangle,,14PT Pearl Metallic,4/1,No Coating,,No Blank Envelopes,25,1.9053,47.63
"5"" x 7""",Rectangle,,14PT Pearl Metallic,4/1,No Coating,,No Blank Envelopes,50,1.0165,50.82
"5"" x 7""",Rectangle,,14PT Pearl Metallic,4/1,No Coating,,No Blank Envelopes,75,0.9315,69.86
"5"" x 7""",Rectangle,,14PT Pearl Metallic,4/1,No Coating,,No Blank Envelopes,100,0.9051,90.51
"5"" x 7""",Rectangle,,14PT Pearl Metallic,4/1,No Coating,,No Blank Envelopes,250,0.4446,111.15
"5"" x 7""",Rectangle,,14PT Pearl Metallic,4/1,No Coating,,No Blank Envelopes,500,0.3112,155.61
"5"" x 7""",Rectangle,,14PT Pearl Metallic,4/1,No Coating,,No Blank Envelopes,1000,0.2906,290.58
"5"" x 7""",Rectangle,,14PT Pearl Metallic,4/1,No Coating,,Include Pearl Envelopes - A7,25,2.2653,56.63
"5"" x 7""",Rectangle,,14PT Pearl Metallic,4/1,No Coating,,Include Pearl Envelopes - A7,50,1.3165,65.82
"5"" x 7""",Rectangle,,14PT Pearl Metallic,4/1,No Coating,,Include Pearl Envelopes - A7,75,0.9315,69.86
"5"" x 7""",Rectangle,,14PT Pearl Metallic,4/1,No Coating,,Include Pearl Envelopes - A7,100,1.1951,119.51
"5"" x 7""",Rectangle,,14PT Pearl Metallic,4/1,No Coating,,Include Pearl Envelopes - A7,250,0.6806,170.15
"5"" x 7""",Rectangle,,14PT Pearl Metallic,4/1,No Coating,,Include Pearl Envelopes - A7,500,0.5092,254.61
"5"" x 7""",Rectangle,,14PT Pearl Metallic,4/1,No Coating,,Include Pearl Envelopes - A7,1000,0.4886,488.58
"5"" x 7""",Rectangle,,14PT Pearl Metallic,4/0 (4 color front),No Coating,,No Blank Envelopes,25,1.5875,39.69
"5"" x 7""",Rectangle,,14PT Pearl Metallic,4/0 (4 color front),No Coating,,No Blank Envelopes,50,0.9210,46.05
"5"" x 7""",Rectangle,,14PT Pearl Metallic,4/0 (4 color front),No Coating,,No Blank Envelopes,75,0.8680,65.10
"5"" x 7""",Rectangle,,14PT Pearl Metallic,4/0 (4 color front),No Coating,,No Blank Envelopes,100,0.8257,82.57
"5"" x 7""",Rectangle,,14PT Pearl Metallic,4/0 (4 color front),No Coating,,No Blank Envelopes,250,0.4065,101.62
"5"" x 7""",Rectangle,,14PT Pearl Metallic,4/0 (4 color front),No Coating,,No Blank Envelopes,500,0.2985,149.25
"5"" x 7""",Rectangle,,14PT Pearl Metallic,4/0 (4 color front),No Coating,,No Blank Envelopes,1000,0.2842,284.22
"5"" x 7""",Rectangle,,14PT Pearl Metallic,4/0 (4 color front),No Coating,,Include Pearl Envelopes - A7,25,1.9475,48.69
"5"" x 7""",Rectangle,,14PT Pearl Metallic,4/0 (4 color front),No Coating,,Include Pearl Envelopes - A7,50,1.2210,61.05
"5"" x 7""",Rectangle,,14PT Pearl Metallic,4/0 (4 color front),No Coating,,Include Pearl Envelopes - A7,75,0.8680,65.10
"5"" x 7""",Rectangle,,14PT Pearl Metallic,4/0 (4 color front),No Coating,,Include Pearl Envelopes - A7,100,1.1157,111.57
"5"" x 7""",Rectangle,,14PT Pearl Metallic,4/0 (4 color front),No Coating,,Include Pearl Envelopes - A7,250,0.6425,160.62
"5"" x 7""",Rectangle,,14PT Pearl Metallic,4/0 (4 color front),No Coating,,Include Pearl Envelopes - A7,500,0.4965,248.25
"5"" x 7""",Rectangle,,14PT Pearl Metallic,4/0 (4 color front),No Coating,,Include Pearl Envelopes - A7,1000,0.4822,482.22
"5"" x 7""",Rectangle,,14PT Pearl Metallic,4/4 (4 color both sides),No Coating,,No Blank Envelopes,25,2.0958,52.39
"5"" x 7""",Rectangle,,14PT Pearl Metallic,4/4 (4 color both sides),No Coating,,No Blank Envelopes,50,1.1432,57.16
"5"" x 7""",Rectangle,,14PT Pearl Metallic,4/4 (4 color both sides),No Coating,,No Blank Envelopes,75,1.0587,79.40
"5"" x 7""",Rectangle,,14PT Pearl Metallic,4/4 (4 color both sides),No Coating,,No Blank Envelopes,100,1.0003,100.03
"5"" x 7""",Rectangle,,14PT Pearl Metallic,4/4 (4 color both sides),No Coating,,No Blank Envelopes,250,0.4891,122.27
"5"" x 7""",Rectangle,,14PT Pearl Metallic,4/4 (4 color both sides),No Coating,,No Blank Envelopes,500,0.3334,166.72
"5"" x 7""",Rectangle,,14PT Pearl Metallic,4/4 (4 color both sides),No Coating,,No Blank Envelopes,1000,0.3017,301.69
"5"" x 7""",Rectangle,,14PT Pearl Metallic,4/4 (4 color both sides),No Coating,,Include Pearl Envelopes - A7,25,2.4558,61.39
"5"" x 7""",Rectangle,,14PT Pearl Metallic,4/4 (4 color both sides),No Coating,,Include Pearl Envelopes - A7,50,1.4432,72.16
"5"" x 7""",Rectangle,,14PT Pearl Metallic,4/4 (4 color both sides),No Coating,,Include Pearl Envelopes - A7,75,1.0587,79.40
"5"" x 7""",Rectangle,,14PT Pearl Metallic,4/4 (4 color both sides),No Coating,,Include Pearl Envelopes - A7,100,1.2903,129.03
"5"" x 7""",Rectangle,,14PT Pearl Metallic,4/4 (4 color both sides),No Coating,,Include Pearl Envelopes - A7,250,0.7251,181.27
"5"" x 7""",Rectangle,,14PT Pearl Metallic,4/4 (4 color both sides),No Coating,,Include Pearl Envelopes - A7,500,0.5314,265.72
"5"" x 7""",Rectangle,,14PT Pearl Metallic,4/4 (4 color both sides),No Coating,,Include Pearl Envelopes - A7,1000,0.4997,499.69
"5"" x 7""",Rounded 4 Corners,"Rounded 1/4""",14PT Pearl Metallic,4/1,No Coating,,No Blank Envelopes,100,0.9368,93.68
"5"" x 7""",Rounded 4 Corners,"Rounded 1/4""",14PT Pearl Metallic,4/1,No Coating,,No Blank Envelopes,250,0.4573,114.33
"5"" x 7""",Rounded 4 Corners,"Rounded 1/4""",14PT Pearl Metallic,4/1,No Coating,,No Blank Envelopes,500,0.3239,161.96
"5"" x 7""",Rounded 4 Corners,"Rounded 1/4""",14PT Pearl Metallic,4/1,No Coating,,No Blank Envelopes,1000,0.2985,298.52
"5"" x 7""",Rounded 4 Corners,"Rounded 1/4""",14PT Pearl Metallic,4/1,No Coating,,Include Pearl Envelopes - A7,100,1.2268,122.68
"5"" x 7""",Rounded 4 Corners,"Rounded 1/4""",14PT Pearl Metallic,4/1,No Coating,,Include Pearl Envelopes - A7,250,0.6933,173.33
"5"" x 7""",Rounded 4 Corners,"Rounded 1/4""",14PT Pearl Metallic,4/1,No Coating,,Include Pearl Envelopes - A7,500,0.5219,260.96
"5"" x 7""",Rounded 4 Corners,"Rounded 1/4""",14PT Pearl Metallic,4/1,No Coating,,Include Pearl Envelopes - A7,1000,0.4965,496.52
"5"" x 7""",Rounded 4 Corners,"Rounded 1/4""",14PT Pearl Metallic,4/0 (4 color front),No Coating,,No Blank Envelopes,100,0.8575,85.75
"5"" x 7""",Rounded 4 Corners,"Rounded 1/4""",14PT Pearl Metallic,4/0 (4 color front),No Coating,,No Blank Envelopes,250,0.4192,104.79
"5"" x 7""",Rounded 4 Corners,"Rounded 1/4""",14PT Pearl Metallic,4/0 (4 color front),No Coating,,No Blank Envelopes,500,0.3112,155.61
"5"" x 7""",Rounded 4 Corners,"Rounded 1/4""",14PT Pearl Metallic,4/0 (4 color front),No Coating,,No Blank Envelopes,1000,0.2922,292.16
"5"" x 7""",Rounded 4 Corners,"Rounded 1/4""",14PT Pearl Metallic,4/0 (4 color front),No Coating,,Include Pearl Envelopes - A7,100,1.1475,114.75
"5"" x 7""",Rounded 4 Corners,"Rounded 1/4""",14PT Pearl Metallic,4/0 (4 color front),No Coating,,Include Pearl Envelopes - A7,250,0.6552,163.79
"5"" x 7""",Rounded 4 Corners,"Rounded 1/4""",14PT Pearl Metallic,4/0 (4 color front),No Coating,,Include Pearl Envelopes - A7,500,0.5092,254.61
"5"" x 7""",Rounded 4 Corners,"Rounded 1/4""",14PT Pearl Metallic,4/0 (4 color front),No Coating,,Include Pearl Envelopes - A7,1000,0.4902,490.16
"5"" x 7""",Rounded 4 Corners,"Rounded 1/4""",14PT Pearl Metallic,4/4 (4 color both sides),No Coating,,No Blank Envelopes,100,1.0322,103.22
"5"" x 7""",Rounded 4 Corners,"Rounded 1/4""",14PT Pearl Metallic,4/4 (4 color both sides),No Coating,,No Blank Envelopes,250,0.5018,125.44
"5"" x 7""",Rounded 4 Corners,"Rounded 1/4""",14PT Pearl Metallic,4/4 (4 color both sides),No Coating,,No Blank Envelopes,500,0.3461,173.07
"5"" x 7""",Rounded 4 Corners,"Rounded 1/4""",14PT Pearl Metallic,4/4 (4 color both sides),No Coating,,No Blank Envelopes,1000,0.3096,309.63
"5"" x 7""",Rounded 4 Corners,"Rounded 1/4""",14PT Pearl Metallic,4/4 (4 color both sides),No Coating,,Include Pearl Envelopes - A7,100,1.3222,132.22
"5"" x 7""",Rounded 4 Corners,"Rounded 1/4""",14PT Pearl Metallic,4/4 (4 color both sides),No Coating,,Include Pearl Envelopes - A7,250,0.7378,184.44
"5"" x 7""",Rounded 4 Corners,"Rounded 1/4""",14PT Pearl Metallic,4/4 (4 color both sides),No Coating,,Include Pearl Envelopes - A7,500,0.5441,272.07
"5"" x 7""",Rounded 4 Corners,"Rounded 1/4""",14PT Pearl Metallic,4/4 (4 color both sides),No Coating,,Include Pearl Envelopes - A7,1000,0.5076,507.63
"5"" x 7""",Rounded 4 Corners,"Rounded 1/8""",14PT Pearl Metallic,4/1,No Coating,,No Blank Envelopes,100,0.9368,93.68
"5"" x 7""",Rounded 4 Corners,"Rounded 1/8""",14PT Pearl Metallic,4/1,No Coating,,No Blank Envelopes,250,0.4573,114.33
"5"" x 7""",Rounded 4 Corners,"Rounded 1/8""",14PT Pearl Metallic,4/1,No Coating,,No Blank Envelopes,500,0.3239,161.96
"5"" x 7""",Rounded 4 Corners,"Rounded 1/8""",14PT Pearl Metallic,4/1,No Coating,,No Blank Envelopes,1000,0.2985,298.52
"5"" x 7""",Rounded 4 Corners,"Rounded 1/8""",14PT Pearl Metallic,4/1,No Coating,,Include Pearl Envelopes - A7,100,1.2268,122.68
"5"" x 7""",Rounded 4 Corners,"Rounded 1/8""",14PT Pearl Metallic,4/1,No Coating,,Include Pearl Envelopes - A7,250,0.6933,173.33
"5"" x 7""",Rounded 4 Corners,"Rounded 1/8""",14PT Pearl Metallic,4/1,No Coating,,Include Pearl Envelopes - A7,500,0.5219,260.96
"5"" x 7""",Rounded 4 Corners,"Rounded 1/8""",14PT Pearl Metallic,4/1,No Coating,,Include Pearl Envelopes - A7,1000,0.4965,496.52
"5"" x 7""",Rounded 4 Corners,"Rounded 1/8""",14PT Pearl Metallic,4/0 (4 color front),No Coating,,No Blank Envelopes,100,0.8575,85.75
"5"" x 7""",Rounded 4 Corners,"Rounded 1/8""",14PT Pearl Metallic,4/0 (4 color front),No Coating,,No Blank Envelopes,250,0.4192,104.79
"5"" x 7""",Rounded 4 Corners,"Rounded 1/8""",14PT Pearl Metallic,4/0 (4 color front),No Coating,,No Blank Envelopes,500,0.3112,155.61
"5"" x 7""",Rounded 4 Corners,"Rounded 1/8""",14PT Pearl Metallic,4/0 (4 color front),No Coating,,No Blank Envelopes,1000,0.2922,292.16
"5"" x 7""",Rounded 4 Corners,"Rounded 1/8""",14PT Pearl Metallic,4/0 (4 color front),No Coating,,Include Pearl Envelopes - A7,100,1.1475,114.75
"5"" x 7""",Rounded 4 Corners,"Rounded 1/8""",14PT Pearl Metallic,4/0 (4 color front),No Coating,,Include Pearl Envelopes - A7,250,0.6552,163.79
"5"" x 7""",Rounded 4 Corners,"Rounded 1/8""",14PT Pearl Metallic,4/0 (4 color front),No Coating,,Include Pearl Envelopes - A7,500,0.5092,254.61
"5"" x 7""",Rounded 4 Corners,"Rounded 1/8""",14PT Pearl Metallic,4/0 (4 color front),No Coating,,Include Pearl Envelopes - A7,1000,0.4902,490.16
"5"" x 7""",Rounded 4 Corners,"Rounded 1/8""",14PT Pearl Metallic,4/4 (4 color both sides),No Coating,,No Blank Envelopes,100,1.0322,103.22
"5"" x 7""",Rounded 4 Corners,"Rounded 1/8""",14PT Pearl Metallic,4/4 (4 color both sides),No Coating,,No Blank Envelopes,250,0.5018,125.44
"5"" x 7""",Rounded 4 Corners,"Rounded 1/8""",14PT Pearl Metallic,4/4 (4 color both sides),No Coating,,No Blank Envelopes,500,0.3461,173.07
"5"" x 7""",Rounded 4 Corners,"Rounded 1/8""",14PT Pearl Metallic,4/4 (4 color both sides),No Coating,,No Blank Envelopes,1000,0.3096,309.63
"5"" x 7""",Rounded 4 Corners,"Rounded 1/8""",14PT Pearl Metallic,4/4 (4 color both sides),No Coating,,Include Pearl Envelopes - A7,100,1.3222,132.22
"5"" x 7""",Rounded 4 Corners,"Rounded 1/8""",14PT Pearl Metallic,4/4 (4 color both sides),No Coating,,Include Pearl Envelopes - A7,250,0.7378,184.44
"5"" x 7""",Rounded 4 Corners,"Rounded 1/8""",14PT Pearl Metallic,4/4 (4 color both sides),No Coating,,Include Pearl Envelopes - A7,500,0.5441,272.07
"5"" x 7""",Rounded 4 Corners,"Rounded 1/8""",14PT Pearl Metallic,4/4 (4 color both sides),No Coating,,Include Pearl Envelopes - A7,1000,0.5076,507.63
"5.5"" x 8.5""",Rectangle,,14PT Pearl Metallic,4/1,No Coating,,No Blank Envelopes,25,2.7312,68.28
"5.5"" x 8.5""",Rectangle,,14PT Pearl Metallic,4/1,No Coating,,No Blank Envelopes,50,1.5881,79.40
"5.5"" x 8.5""",Rectangle,,14PT Pearl Metallic,4/1,No Coating,,No Blank Envelopes,75,1.2704,95.28
"5.5"" x 8.5""",Rectangle,,14PT Pearl Metallic,4/1,No Coating,,No Blank Envelopes,100,1.0322,103.22
"5.5"" x 8.5""",Rectangle,,14PT Pearl Metallic,4/1,No Coating,,No Blank Envelopes,250,0.6161,154.02
"5.5"" x 8.5""",Rectangle,,14PT Pearl Metallic,4/1,No Coating,,No Blank Envelopes,500,0.3747,187.37
"5.5"" x 8.5""",Rectangle,,14PT Pearl Metallic,4/1,No Coating,,No Blank Envelopes,1000,0.3493,349.33
"5.5"" x 8.5""",Rectangle,,14PT Pearl Metallic,4/1,No Coating,,Include Pearl Envelopes - A9,25,2.7312,68.28
"5.5"" x 8.5""",Rectangle,,14PT Pearl Metallic,4/1,No Coating,,Include Pearl Envelopes - A9,50,1.5881,79.40
"5.5"" x 8.5""",Rectangle,,14PT Pearl Metallic,4/1,No Coating,,Include Pearl Envelopes - A9,75,1.2704,95.28
"5.5"" x 8.5""",Rectangle,,14PT Pearl Metallic,4/1,No Coating,,Include Pearl Envelopes - A9,100,1.0322,103.22
"5.5"" x 8.5""",Rectangle,,14PT Pearl Metallic,4/1,No Coating,,Include Pearl Envelopes - A9,250,0.6161,154.02
"5.5"" x 8.5""",Rectangle,,14PT Pearl Metallic,4/1,No Coating,,Include Pearl Envelopes - A9,500,0.3747,187.37
"5.5"" x 8.5""",Rectangle,,14PT Pearl Metallic,4/1,No Coating,,Include Pearl Envelopes - A9,1000,0.3493,349.33
"5.5"" x 8.5""",Rectangle,,14PT Pearl Metallic,4/0 (4 color front),No Coating,,No Blank Envelopes,25,2.3502,58.75
"5.5"" x 8.5""",Rectangle,,14PT Pearl Metallic,4/0 (4 color front),No Coating,,No Blank Envelopes,50,1.4609,73.04
"5.5"" x 8.5""",Rectangle,,14PT Pearl Metallic,4/0 (4 color front),No Coating,,No Blank Envelopes,75,1.2280,92.10
"5.5"" x 8.5""",Rectangle,,14PT Pearl Metallic,4/0 (4 color front),No Coating,,No Blank Envelopes,100,0.9846,98.46
"5.5"" x 8.5""",Rectangle,,14PT Pearl Metallic,4/0 (4 color front),No Coating,,No Blank Envelopes,250,0.5844,146.09
"5.5"" x 8.5""",Rectangle,,14PT Pearl Metallic,4/0 (4 color front),No Coating,,No Blank Envelopes,500,0.3557,177.83
"5.5"" x 8.5""",Rectangle,,14PT Pearl Metallic,4/0 (4 color front),No Coating,,No Blank Envelopes,1000,0.3398,339.81
"5.5"" x 8.5""",Rectangle,,14PT Pearl Metallic,4/0 (4 color front),No Coating,,Include Pearl Envelopes - A9,25,2.3502,58.75
"5.5"" x 8.5""",Rectangle,,14PT Pearl Metallic,4/0 (4 color front),No Coating,,Include Pearl Envelopes - A9,50,1.4609,73.04
"5.5"" x 8.5""",Rectangle,,14PT Pearl Metallic,4/0 (4 color front),No Coating,,Include Pearl Envelopes - A9,75,1.2280,92.10
"5.5"" x 8.5""",Rectangle,,14PT Pearl Metallic,4/0 (4 color front),No Coating,,Include Pearl Envelopes - A9,100,0.9846,98.46
"5.5"" x 8.5""",Rectangle,,14PT Pearl Metallic,4/0 (4 color front),No Coating,,Include Pearl Envelopes - A9,250,0.5844,146.09
"5.5"" x 8.5""",Rectangle,,14PT Pearl Metallic,4/0 (4 color front),No Coating,,Include Pearl Envelopes - A9,500,0.3557,177.83
"5.5"" x 8.5""",Rectangle,,14PT Pearl Metallic,4/0 (4 color front),No Coating,,Include Pearl Envelopes - A9,1000,0.3398,339.81
"5.5"" x 8.5""",Rectangle,,14PT Pearl Metallic,4/4 (4 color both sides),No Coating,,No Blank Envelopes,25,2.7312,68.28
"5.5"" x 8.5""",Rectangle,,14PT Pearl Metallic,4/4 (4 color both sides),No Coating,,No Blank Envelopes,50,1.6514,82.57
"5.5"" x 8.5""",Rectangle,,14PT Pearl Metallic,4/4 (4 color both sides),No Coating,,No Blank Envelopes,75,1.3550,101.62
"5.5"" x 8.5""",Rectangle,,14PT Pearl Metallic,4/4 (4 color both sides),No Coating,,No Blank Envelopes,100,1.0639,106.39
"5.5"" x 8.5""",Rectangle,,14PT Pearl Metallic,4/4 (4 color both sides),No Coating,,No Blank Envelopes,250,0.6415,160.38
"5.5"" x 8.5""",Rectangle,,14PT Pearl Metallic,4/4 (4 color both sides),No Coating,,No Blank Envelopes,500,0.3938,196.90
"5.5"" x 8.5""",Rectangle,,14PT Pearl Metallic,4/4 (4 color both sides),No Coating,,No Blank Envelopes,1000,0.3589,358.86
"5.5"" x 8.5""",Rectangle,,14PT Pearl Metallic,4/4 (4 color both sides),No Coating,,Include Pearl Envelopes - A9,25,2.7312,68.28
"5.5"" x 8.5""",Rectangle,,14PT Pearl Metallic,4/4 (4 color both sides),No Coating,,Include Pearl Envelopes - A9,50,1.6514,82.57
"5.5"" x 8.5""",Rectangle,,14PT Pearl Metallic,4/4 (4 color both sides),No Coating,,Include Pearl Envelopes - A9,75,1.3550,101.62
"5.5"" x 8.5""",Rectangle,,14PT Pearl Metallic,4/4 (4 color both sides),No Coating,,Include Pearl Envelopes - A9,100,1.0639,106.39
"5.5"" x 8.5""",Rectangle,,14PT Pearl Metallic,4/4 (4 color both sides),No Coating,,Include Pearl Envelopes - A9,250,0.6415,160.38
"5.5"" x 8.5""",Rectangle,,14PT Pearl Metallic,4/4 (4 color both sides),No Coating,,Include Pearl Envelopes - A9,500,0.3938,196.90
"5.5"" x 8.5""",Rectangle,,14PT Pearl Metallic,4/4 (4 color both sides),No Coating,,Include Pearl Envelopes - A9,1000,0.3589,358.86
"6"" x 6""",Square,,14PT Pearl Metallic,4/1,No Coating,Moon Slits,No Blank Envelopes,25,2.3053,57.63
"6"" x 6""",Square,,14PT Pearl Metallic,4/1,No Coating,Moon Slits,No Blank Envelopes,50,1.2165,60.82
"6"" x 6""",Square,,14PT Pearl Metallic,4/1,No Coating,Moon Slits,No Blank Envelopes,75,1.0649,79.86
"6"" x 6""",Square,,14PT Pearl Metallic,4/1,No Coating,Moon Slits,No Blank Envelopes,100,1.0051,100.51
"6"" x 6""",Square,,14PT Pearl Metallic,4/1,No Coating,Moon Slits,No Blank Envelopes,250,0.4926,123.15
"6"" x 6""",Square,,14PT Pearl Metallic,4/1,No Coating,Moon Slits,No Blank Envelopes,500,0.3392,169.61
"6"" x 6""",Square,,14PT Pearl Metallic,4/1,No Coating,Moon Slits,No Blank Envelopes,1000,0.3066,306.58
"6"" x 6""",Square,,14PT Pearl Metallic,4/1,No Coating,Moon Slits,Include Pearl Envelopes - 6.5X6.5,25,3.3053,82.63
"6"" x 6""",Square,,14PT Pearl Metallic,4/1,No Coating,Moon Slits,Include Pearl Envelopes - 6.5X6.5,50,1.8165,90.82
"6"" x 6""",Square,,14PT Pearl Metallic,4/1,No Coating,Moon Slits,Include Pearl Envelopes - 6.5X6.5,75,1.5315,114.86
"6"" x 6""",Square,,14PT Pearl Metallic,4/1,No Coating,Moon Slits,Include Pearl Envelopes - 6.5X6.5,100,1.0051,100.51
"6"" x 6""",Square,,14PT Pearl Metallic,4/1,No Coating,Moon Slits,Include Pearl Envelopes - 6.5X6.5,250,0.8086,202.15
"6"" x 6""",Square,,14PT Pearl Metallic,4/1,No Coating,Moon Slits,Include Pearl Envelopes - 6.5X6.5,500,0.6172,308.61
"6"" x 6""",Square,,14PT Pearl Metallic,4/1,No Coating,Moon Slits,Include Pearl Envelopes - 6.5X6.5,1000,0.5846,584.58
"6"" x 6""",Square,,14PT Pearl Metallic,4/1,No Coating,Slide Slits,No Blank Envelopes,25,2.3053,57.63
"6"" x 6""",Square,,14PT Pearl Metallic,4/1,No Coating,Slide Slits,No Blank Envelopes,50,1.2165,60.82
"6"" x 6""",Square,,14PT Pearl Metallic,4/1,No Coating,Slide Slits,No Blank Envelopes,75,1.0649,79.86
"6"" x 6""",Square,,14PT Pearl Metallic,4/1,No Coating,Slide Slits,No Blank Envelopes,100,1.0051,100.51
"6"" x 6""",Square,,14PT Pearl Metallic,4/1,No Coating,Slide Slits,No Blank Envelopes,250,0.4926,123.15
"6"" x 6""",Square,,14PT Pearl Metallic,4/1,No Coating,Slide Slits,No Blank Envelopes,500,0.3392,169.61
"6"" x 6""",Square,,14PT Pearl Metallic,4/1,No Coating,Slide Slits,No Blank Envelopes,1000,0.3066,306.58
"6"" x 6""",Square,,14PT Pearl Metallic,4/1,No Coating,Slide Slits,Include Pearl Envelopes - 6.5X6.5,25,3.3053,82.63
"6"" x 6""",Square,,14PT Pearl Metallic,4/1,No Coating,Slide Slits,Include Pearl Envelopes - 6.5X6.5,50,1.8165,90.82
"6"" x 6""",Square,,14PT Pearl Metallic,4/1,No Coating,Slide Slits,Include Pearl Envelopes - 6.5X6.5,75,1.5315,114.86
"6"" x 6""",Square,,14PT Pearl Metallic,4/1,No Coating,Slide Slits,Include Pearl Envelopes - 6.5X6.5,100,1.0051,100.51
"6"" x 6""",Square,,14PT Pearl Metallic,4/1,No Coating,Slide Slits,Include Pearl Envelopes - 6.5X6.5,250,0.8086,202.15
"6"" x 6""",Square,,14PT Pearl Metallic,4/1,No Coating,Slide Slits,Include Pearl Envelopes - 6.5X6.5,500,0.6172,308.61
"6"" x 6""",Square,,14PT Pearl Metallic,4/1,No Coating,Slide Slits,Include Pearl Envelopes - 6.5X6.5,1000,0.5846,584.58
"6"" x 6""",Square,,14PT Pearl Metallic,4/1,No Coating,No Gift Card Slits,No Blank Envelopes,25,1.9053,47.63
"6"" x 6""",Square,,14PT Pearl Metallic,4/1,No Coating,No Gift Card Slits,No Blank Envelopes,50,1.0165,50.82
"6"" x 6""",Square,,14PT Pearl Metallic,4/1,No Coating,No Gift Card Slits,No Blank Envelopes,75,0.9315,69.86
"6"" x 6""",Square,,14PT Pearl Metallic,4/1,No Coating,No Gift Card Slits,No Blank Envelopes,100,0.9051,90.51
"6"" x 6""",Square,,14PT Pearl Metallic,4/1,No Coating,No Gift Card Slits,No Blank Envelopes,250,0.4446,111.15
"6"" x 6""",Square,,14PT Pearl Metallic,4/1,No Coating,No Gift Card Slits,No Blank Envelopes,500,0.3112,155.61
"6"" x 6""",Square,,14PT Pearl Metallic,4/1,No Coating,No Gift Card Slits,No Blank Envelopes,1000,0.2906,290.58
"6"" x 6""",Square,,14PT Pearl Metallic,4/1,No Coating,No Gift Card Slits,Include Pearl Envelopes - 6.5X6.5,25,2.9053,72.63
"6"" x 6""",Square,,14PT Pearl Metallic,4/1,No Coating,No Gift Card Slits,Include Pearl Envelopes - 6.5X6.5,50,1.6165,80.82
"6"" x 6""",Square,,14PT Pearl Metallic,4/1,No Coating,No Gift Card Slits,Include Pearl Envelopes - 6.5X6.5,75,1.3982,104.86
"6"" x 6""",Square,,14PT Pearl Metallic,4/1,No Coating,No Gift Card Slits,Include Pearl Envelopes - 6.5X6.5,100,0.9051,90.51
"6"" x 6""",Square,,14PT Pearl Metallic,4/1,No Coating,No Gift Card Slits,Include Pearl Envelopes - 6.5X6.5,250,0.7606,190.15
"6"" x 6""",Square,,14PT Pearl Metallic,4/1,No Coating,No Gift Card Slits,Include Pearl Envelopes - 6.5X6.5,500,0.5892,294.61
"6"" x 6""",Square,,14PT Pearl Metallic,4/1,No Coating,No Gift Card Slits,Include Pearl Envelopes - 6.5X6.5,1000,0.5686,568.58
"6"" x 6""",Square,,14PT Pearl Metallic,4/0 (4 color front),No Coating,Moon Slits,No Blank Envelopes,25,1.9875,49.69
"6"" x 6""",Square,,14PT Pearl Metallic,4/0 (4 color front),No Coating,Moon Slits,No Blank Envelopes,50,1.1210,56.05
"6"" x 6""",Square,,14PT Pearl Metallic,4/0 (4 color front),No Coating,Moon Slits,No Blank Envelopes,75,1.0013,75.10
"6"" x 6""",Square,,14PT Pearl Metallic,4/0 (4 color front),No Coating,Moon Slits,No Blank Envelopes,100,0.9257,92.57
"6"" x 6""",Square,,14PT Pearl Metallic,4/0 (4 color front),No Coating,Moon Slits,No Blank Envelopes,250,0.4545,113.62
"6"" x 6""",Square,,14PT Pearl Metallic,4/0 (4 color front),No Coating,Moon Slits,No Blank Envelopes,500,0.3265,163.25
"6"" x 6""",Square,,14PT Pearl Metallic,4/0 (4 color front),No Coating,Moon Slits,No Blank Envelopes,1000,0.3002,300.22
"6"" x 6""",Square,,14PT Pearl Metallic,4/0 (4 color front),No Coating,Moon Slits,Include Pearl Envelopes - 6.5X6.5,25,2.9875,74.69
"6"" x 6""",Square,,14PT Pearl Metallic,4/0 (4 color front),No Coating,Moon Slits,Include Pearl Envelopes - 6.5X6.5,50,1.7210,86.05
"6"" x 6""",Square,,14PT Pearl Metallic,4/0 (4 color front),No Coating,Moon Slits,Include Pearl Envelopes - 6.5X6.5,75,1.4680,110.10
"6"" x 6""",Square,,14PT Pearl Metallic,4/0 (4 color front),No Coating,Moon Slits,Include Pearl Envelopes - 6.5X6.5,100,0.9257,92.57
"6"" x 6""",Square,,14PT Pearl Metallic,4/0 (4 color front),No Coating,Moon Slits,Include Pearl Envelopes - 6.5X6.5,250,0.7705,192.62
"6"" x 6""",Square,,14PT Pearl Metallic,4/0 (4 color front),No Coating,Moon Slits,Include Pearl Envelopes - 6.5X6.5,500,0.6045,302.25
"6"" x 6""",Square,,14PT Pearl Metallic,4/0 (4 color front),No Coating,Moon Slits,Include Pearl Envelopes - 6.5X6.5,1000,0.5782,578.22
"6"" x 6""",Square,,14PT Pearl Metallic,4/0 (4 color front),No Coating,Slide Slits,No Blank Envelopes,25,1.9875,49.69
"6"" x 6""",Square,,14PT Pearl Metallic,4/0 (4 color front),No Coating,Slide Slits,No Blank Envelopes,50,1.1210,56.05
"6"" x 6""",Square,,14PT Pearl Metallic,4/0 (4 color front),No Coating,Slide Slits,No Blank Envelopes,75,1.0013,75.10
"6"" x 6""",Square,,14PT Pearl Metallic,4/0 (4 color front),No Coating,Slide Slits,No Blank Envelopes,100,0.9257,92.57
"6"" x 6""",Square,,14PT Pearl Metallic,4/0 (4 color front),No Coating,Slide Slits,No Blank Envelopes,250,0.4545,113.62
"6"" x 6""",Square,,14PT Pearl Metallic,4/0 (4 color front),No Coating,Slide Slits,No Blank Envelopes,500,0.3265,163.25
"6"" x 6""",Square,,14PT Pearl Metallic,4/0 (4 color front),No Coating,Slide Slits,No Blank Envelopes,1000,0.3002,300.22
"6"" x 6""",Square,,14PT Pearl Metallic,4/0 (4 color front),No Coating,Slide Slits,Include Pearl Envelopes - 6.5X6.5,25,2.9875,74.69
"6"" x 6""",Square,,14PT Pearl Metallic,4/0 (4 color front),No Coating,Slide Slits,Include Pearl Envelopes - 6.5X6.5,50,1.7210,86.05
"6"" x 6""",Square,,14PT Pearl Metallic,4/0 (4 color front),No Coating,Slide Slits,Include Pearl Envelopes - 6.5X6.5,75,1.4680,110.10
"6"" x 6""",Square,,14PT Pearl Metallic,4/0 (4 color front),No Coating,Slide Slits,Include Pearl Envelopes - 6.5X6.5,100,0.9257,92.57
"6"" x 6""",Square,,14PT Pearl Metallic,4/0 (4 color front),No Coating,Slide Slits,Include Pearl Envelopes - 6.5X6.5,250,0.7705,192.62
"6"" x 6""",Square,,14PT Pearl Metallic,4/0 (4 color front),No Coating,Slide Slits,Include Pearl Envelopes - 6.5X6.5,500,0.6045,302.25
"6"" x 6""",Square,,14PT Pearl Metallic,4/0 (4 color front),No Coating,Slide Slits,Include Pearl Envelopes - 6.5X6.5,1000,0.5782,578.22
"6"" x 6""",Square,,14PT Pearl Metallic,4/0 (4 color front),No Coating,No Gift Card Slits,No Blank Envelopes,25,1.5875,39.69
"6"" x 6""",Square,,14PT Pearl Metallic,4/0 (4 color front),No Coating,No Gift Card Slits,No Blank Envelopes,50,0.9210,46.05
"6"" x 6""",Square,,14PT Pearl Metallic,4/0 (4 color front),No Coating,No Gift Card Slits,No Blank Envelopes,75,0.8680,65.10
"6"" x 6""",Square,,14PT Pearl Metallic,4/0 (4 color front),No Coating,No Gift Card Slits,No Blank Envelopes,100,0.8257,82.57
"6"" x 6""",Square,,14PT Pearl Metallic,4/0 (4 color front),No Coating,No Gift Card Slits,No Blank Envelopes,250,0.4065,101.62
"6"" x 6""",Square,,14PT Pearl Metallic,4/0 (4 color front),No Coating,No Gift Card Slits,No Blank Envelopes,500,0.2985,149.25
"6"" x 6""",Square,,14PT Pearl Metallic,4/0 (4 color front),No Coating,No Gift Card Slits,No Blank Envelopes,1000,0.2842,284.22
"6"" x 6""",Square,,14PT Pearl Metallic,4/0 (4 color front),No Coating,No Gift Card Slits,Include Pearl Envelopes - 6.5X6.5,25,2.5875,64.69
"6"" x 6""",Square,,14PT Pearl Metallic,4/0 (4 color front),No Coating,No Gift Card Slits,Include Pearl Envelopes - 6.5X6.5,50,1.5210,76.05
"6"" x 6""",Square,,14PT Pearl Metallic,4/0 (4 color front),No Coating,No Gift Card Slits,Include Pearl Envelopes - 6.5X6.5,75,1.3347,100.10
"6"" x 6""",Square,,14PT Pearl Metallic,4/0 (4 color front),No Coating,No Gift Card Slits,Include Pearl Envelopes - 6.5X6.5,100,0.8257,82.57
"6"" x 6""",Square,,14PT Pearl Metallic,4/0 (4 color front),No Coating,No Gift Card Slits,Include Pearl Envelopes - 6.5X6.5,250,0.7225,180.62
"6"" x 6""",Square,,14PT Pearl Metallic,4/0 (4 color front),No Coating,No Gift Card Slits,Include Pearl Envelopes - 6.5X6.5,500,0.5765,288.25
"6"" x 6""",Square,,14PT Pearl Metallic,4/0 (4 color front),No Coating,No Gift Card Slits,Include Pearl Envelopes - 6.5X6.5,1000,0.5622,562.22
"6"" x 6""",Square,,14PT Pearl Metallic,4/4 (4 color both sides),No Coating,Moon Slits,No Blank Envelopes,25,2.4958,62.39
"6"" x 6""",Square,,14PT Pearl Metallic,4/4 (4 color both sides),No Coating,Moon Slits,No Blank Envelopes,50,1.3432,67.16
"6"" x 6""",Square,,14PT Pearl Metallic,4/4 (4 color both sides),No Coating,Moon Slits,No Blank Envelopes,75,1.1920,89.40
"6"" x 6""",Square,,14PT Pearl Metallic,4/4 (4 color both sides),No Coating,Moon Slits,No Blank Envelopes,100,1.1003,110.03
"6"" x 6""",Square,,14PT Pearl Metallic,4/4 (4 color both sides),No Coating,Moon Slits,No Blank Envelopes,250,0.5371,134.27
"6"" x 6""",Square,,14PT Pearl Metallic,4/4 (4 color both sides),No Coating,Moon Slits,No Blank Envelopes,500,0.3614,180.72
"6"" x 6""",Square,,14PT Pearl Metallic,4/4 (4 color both sides),No Coating,Moon Slits,No Blank Envelopes,1000,0.3177,317.69
"6"" x 6""",Square,,14PT Pearl Metallic,4/4 (4 color both sides),No Coating,Moon Slits,Include Pearl Envelopes - 6.5X6.5,25,3.4958,87.39
"6"" x 6""",Square,,14PT Pearl Metallic,4/4 (4 color both sides),No Coating,Moon Slits,Include Pearl Envelopes - 6.5X6.5,50,1.9432,97.16
"6"" x 6""",Square,,14PT Pearl Metallic,4/4 (4 color both sides),No Coating,Moon Slits,Include Pearl Envelopes - 6.5X6.5,75,1.6587,124.40
"6"" x 6""",Square,,14PT Pearl Metallic,4/4 (4 color both sides),No Coating,Moon Slits,Include Pearl Envelopes - 6.5X6.5,100,1.1003,110.03
"6"" x 6""",Square,,14PT Pearl Metallic,4/4 (4 color both sides),No Coating,Moon Slits,Include Pearl Envelopes - 6.5X6.5,250,0.8531,213.27
"6"" x 6""",Square,,14PT Pearl Metallic,4/4 (4 color both sides),No Coating,Moon Slits,Include Pearl Envelopes - 6.5X6.5,500,0.6394,319.72
"6"" x 6""",Square,,14PT Pearl Metallic,4/4 (4 color both sides),No Coating,Moon Slits,Include Pearl Envelopes - 6.5X6.5,1000,0.5957,595.69
"6"" x 6""",Square,,14PT Pearl Metallic,4/4 (4 color both sides),No Coating,Slide Slits,No Blank Envelopes,25,2.4958,62.39
"6"" x 6""",Square,,14PT Pearl Metallic,4/4 (4 color both sides),No Coating,Slide Slits,No Blank Envelopes,50,1.3432,67.16
"6"" x 6""",Square,,14PT Pearl Metallic,4/4 (4 color both sides),No Coating,Slide Slits,No Blank Envelopes,75,1.1920,89.40
"6"" x 6""",Square,,14PT Pearl Metallic,4/4 (4 color both sides),No Coating,Slide Slits,No Blank Envelopes,100,1.1003,110.03
"6"" x 6""",Square,,14PT Pearl Metallic,4/4 (4 color both sides),No Coating,Slide Slits,No Blank Envelopes,250,0.5371,134.27
"6"" x 6""",Square,,14PT Pearl Metallic,4/4 (4 color both sides),No Coating,Slide Slits,No Blank Envelopes,500,0.3614,180.72
"6"" x 6""",Square,,14PT Pearl Metallic,4/4 (4 color both sides),No Coating,Slide Slits,No Blank Envelopes,1000,0.3177,317.69
"6"" x 6""",Square,,14PT Pearl Metallic,4/4 (4 color both sides),No Coating,Slide Slits,Include Pearl Envelopes - 6.5X6.5,25,3.4958,87.39
"6"" x 6""",Square,,14PT Pearl Metallic,4/4 (4 color both sides),No Coating,Slide Slits,Include Pearl Envelopes - 6.5X6.5,50,1.9432,97.16
"6"" x 6""",Square,,14PT Pearl Metallic,4/4 (4 color both sides),No Coating,Slide Slits,Include Pearl Envelopes - 6.5X6.5,75,1.6587,124.40
"6"" x 6""",Square,,14PT Pearl Metallic,4/4 (4 color both sides),No Coating,Slide Slits,Include Pearl Envelopes - 6.5X6.5,100,1.1003,110.03
"6"" x 6""",Square,,14PT Pearl Metallic,4/4 (4 color both sides),No Coating,Slide Slits,Include Pearl Envelopes - 6.5X6.5,250,0.8531,213.27
"6"" x 6""",Square,,14PT Pearl Metallic,4/4 (4 color both sides),No Coating,Slide Slits,Include Pearl Envelopes - 6.5X6.5,500,0.6394,319.72
"6"" x 6""",Square,,14PT Pearl Metallic,4/4 (4 color both sides),No Coating,Slide Slits,Include Pearl Envelopes - 6.5X6.5,1000,0.5957,595.69
"6"" x 6""",Square,,14PT Pearl Metallic,4/4 (4 color both sides),No Coating,No Gift Card Slits,No Blank Envelopes,25,2.0958,52.39
"6"" x 6""",Square,,14PT Pearl Metallic,4/4 (4 color both sides),No Coating,No Gift Card Slits,No Blank Envelopes,50,1.1432,57.16
"6"" x 6""",Square,,14PT Pearl Metallic,4/4 (4 color both sides),No Coating,No Gift Card Slits,No Blank Envelopes,75,1.0587,79.40
"6"" x 6""",Square,,14PT Pearl Metallic,4/4 (4 color both sides),No Coating,No Gift Card Slits,No Blank Envelopes,100,1.0003,100.03
"6"" x 6""",Square,,14PT Pearl Metallic,4/4 (4 color both sides),No Coating,No Gift Card Slits,No Blank Envelopes,250,0.4891,122.27
"6"" x 6""",Square,,14PT Pearl Metallic,4/4 (4 color both sides),No Coating,No Gift Card Slits,No Blank Envelopes,500,0.3334,166.72
"6"" x 6""",Square,,14PT Pearl Metallic,4/4 (4 color both sides),No Coating,No Gift Card Slits,No Blank Envelopes,1000,0.3017,301.69
"6"" x 6""",Square,,14PT Pearl Metallic,4/4 (4 color both sides),No Coating,No Gift Card Slits,Include Pearl Envelopes - 6.5X6.5,25,3.0958,77.39
"6"" x 6""",Square,,14PT Pearl Metallic,4/4 (4 color both sides),No Coating,No Gift Card Slits,Include Pearl Envelopes - 6.5X6.5,50,1.7432,87.16
"6"" x 6""",Square,,14PT Pearl Metallic,4/4 (4 color both sides),No Coating,No Gift Card Slits,Include Pearl Envelopes - 6.5X6.5,75,1.5254,114.40
"6"" x 6""",Square,,14PT Pearl Metallic,4/4 (4 color both sides),No Coating,No Gift Card Slits,Include Pearl Envelopes - 6.5X6.5,100,1.0003,100.03
"6"" x 6""",Square,,14PT Pearl Metallic,4/4 (4 color both sides),No Coating,No Gift Card Slits,Include Pearl Envelopes - 6.5X6.5,250,0.8051,201.27
"6"" x 6""",Square,,14PT Pearl Metallic,4/4 (4 color both sides),No Coating,No Gift Card Slits,Include Pearl Envelopes - 6.5X6.5,500,0.6114,305.72
"6"" x 6""",Square,,14PT Pearl Metallic,4/4 (4 color both sides),No Coating,No Gift Card Slits,Include Pearl Envelopes - 6.5X6.5,1000,0.5797,579.69
