SIZE ,SHAPE ,STOCK ,COLORSPEC ,COATING ,RunSize,UnitPrice,TotalPrice
"1.5"" x 3.5""",Rectangle,18PT Uncoated Kraft,4/0 with White Mask,No Coating,100,0.1507,15.07
"1.5"" x 3.5""",Rectangle,18PT Uncoated Kraft,4/0 with White Mask,No Coating,250,0.0699,17.47
"1.5"" x 3.5""",Rectangle,18PT Uncoated Kraft,4/0 with White Mask,No Coating,500,0.0572,28.58
"1.5"" x 3.5""",Rectangle,18PT Uncoated Kraft,4/0 with White Mask,No Coating,1000,0.0532,53.19
"1.5"" x 3.5""",Rectangle,18PT Uncoated Kraft,4/4 with White Mask Both Sides,No Coating,100,0.1747,17.47
"1.5"" x 3.5""",Rectangle,18PT Uncoated Kraft,4/4 with White Mask Both Sides,No Coating,250,0.0826,20.65
"1.5"" x 3.5""",Rectangle,18PT Uncoated Kraft,4/4 with White Mask Both Sides,No Coating,500,0.0794,39.69
"1.5"" x 3.5""",Rectangle,18PT Uncoated Kraft,4/4 with White Mask Both Sides,No Coating,1000,0.0746,74.64
"1.5"" x 3.5""",Rectangle,18PT Uncoated Kraft,4/1 with White Mask on Front,No Coating,100,0.1667,16.67
"1.5"" x 3.5""",Rectangle,18PT Uncoated Kraft,4/1 with White Mask on Front,No Coating,250,0.0794,19.85
"1.5"" x 3.5""",Rectangle,18PT Uncoated Kraft,4/1 with White Mask on Front,No Coating,500,0.0683,34.14
"1.5"" x 3.5""",Rectangle,18PT Uncoated Kraft,4/1 with White Mask on Front,No Coating,1000,0.0627,62.73
"1.5"" x 3.5""",Rectangle,18PT Uncoated Kraft,4/4 with White Mask on Front,No Coating,100,0.1747,17.47
"1.5"" x 3.5""",Rectangle,18PT Uncoated Kraft,4/4 with White Mask on Front,No Coating,250,0.0826,20.65
"1.5"" x 3.5""",Rectangle,18PT Uncoated Kraft,4/4 with White Mask on Front,No Coating,500,0.0794,39.69
"1.5"" x 3.5""",Rectangle,18PT Uncoated Kraft,4/4 with White Mask on Front,No Coating,1000,0.0746,74.64
"1.5"" x 3.5""",Rectangle,18PT Uncoated Kraft,4/1,No Coating,100,0.1587,15.87
"1.5"" x 3.5""",Rectangle,18PT Uncoated Kraft,4/1,No Coating,250,0.0762,19.05
"1.5"" x 3.5""",Rectangle,18PT Uncoated Kraft,4/1,No Coating,500,0.0667,33.34
"1.5"" x 3.5""",Rectangle,18PT Uncoated Kraft,4/1,No Coating,1000,0.0603,60.34
"1.5"" x 3.5""",Rectangle,18PT Uncoated Kraft,4/0 (4 color front),No Coating,100,0.1429,14.29
"1.5"" x 3.5""",Rectangle,18PT Uncoated Kraft,4/0 (4 color front),No Coating,250,0.0635,15.87
"1.5"" x 3.5""",Rectangle,18PT Uncoated Kraft,4/0 (4 color front),No Coating,500,0.0540,26.98
"1.5"" x 3.5""",Rectangle,18PT Uncoated Kraft,4/0 (4 color front),No Coating,1000,0.0500,50.03
"1.5"" x 3.5""",Rectangle,18PT Uncoated Kraft,4/4 (4 color both sides),No Coating,100,0.1587,15.87
"1.5"" x 3.5""",Rectangle,18PT Uncoated Kraft,4/4 (4 color both sides),No Coating,250,0.0762,19.05
"1.5"" x 3.5""",Rectangle,18PT Uncoated Kraft,4/4 (4 color both sides),No Coating,500,0.0667,33.34
"1.5"" x 3.5""",Rectangle,18PT Uncoated Kraft,4/4 (4 color both sides),No Coating,1000,0.0603,60.34
"1.5"" x 3.5""",Rectangle,18PT Uncoated Kraft,4/4 with White Mask on Back,No Coating,100,0.1747,17.47
"1.5"" x 3.5""",Rectangle,18PT Uncoated Kraft,4/4 with White Mask on Back,No Coating,250,0.0826,20.65
"1.5"" x 3.5""",Rectangle,18PT Uncoated Kraft,4/4 with White Mask on Back,No Coating,500,0.0794,39.69
"1.5"" x 3.5""",Rectangle,18PT Uncoated Kraft,4/4 with White Mask on Back,No Coating,1000,0.0746,74.64
"1.75"" x 3.5""",Rectangle,18PT Uncoated Kraft,4/0 with White Mask,No Coating,100,0.1507,15.07
"1.75"" x 3.5""",Rectangle,18PT Uncoated Kraft,4/0 with White Mask,No Coating,250,0.0699,17.47
"1.75"" x 3.5""",Rectangle,18PT Uncoated Kraft,4/0 with White Mask,No Coating,500,0.0572,28.58
"1.75"" x 3.5""",Rectangle,18PT Uncoated Kraft,4/0 with White Mask,No Coating,1000,0.0532,53.19
"1.75"" x 3.5""",Rectangle,18PT Uncoated Kraft,4/4 with White Mask Both Sides,No Coating,100,0.1747,17.47
"1.75"" x 3.5""",Rectangle,18PT Uncoated Kraft,4/4 with White Mask Both Sides,No Coating,250,0.0826,20.65
"1.75"" x 3.5""",Rectangle,18PT Uncoated Kraft,4/4 with White Mask Both Sides,No Coating,500,0.0794,39.69
"1.75"" x 3.5""",Rectangle,18PT Uncoated Kraft,4/4 with White Mask Both Sides,No Coating,1000,0.0746,74.64
"1.75"" x 3.5""",Rectangle,18PT Uncoated Kraft,4/1 with White Mask on Front,No Coating,100,0.1667,16.67
"1.75"" x 3.5""",Rectangle,18PT Uncoated Kraft,4/1 with White Mask on Front,No Coating,250,0.0794,19.85
"1.75"" x 3.5""",Rectangle,18PT Uncoated Kraft,4/1 with White Mask on Front,No Coating,500,0.0683,34.14
"1.75"" x 3.5""",Rectangle,18PT Uncoated Kraft,4/1 with White Mask on Front,No Coating,1000,0.0627,62.73
"1.75"" x 3.5""",Rectangle,18PT Uncoated Kraft,4/4 with White Mask on Front,No Coating,100,0.1747,17.47
"1.75"" x 3.5""",Rectangle,18PT Uncoated Kraft,4/4 with White Mask on Front,No Coating,250,0.0826,20.65
"1.75"" x 3.5""",Rectangle,18PT Uncoated Kraft,4/4 with White Mask on Front,No Coating,500,0.0794,39.69
"1.75"" x 3.5""",Rectangle,18PT Uncoated Kraft,4/4 with White Mask on Front,No Coating,1000,0.0746,74.64
"1.75"" x 3.5""",Rectangle,18PT Uncoated Kraft,4/1,No Coating,100,0.1587,15.87
"1.75"" x 3.5""",Rectangle,18PT Uncoated Kraft,4/1,No Coating,250,0.0762,19.05
"1.75"" x 3.5""",Rectangle,18PT Uncoated Kraft,4/1,No Coating,500,0.0667,33.34
"1.75"" x 3.5""",Rectangle,18PT Uncoated Kraft,4/1,No Coating,1000,0.0603,60.34
"1.75"" x 3.5""",Rectangle,18PT Uncoated Kraft,4/0 (4 color front),No Coating,100,0.1429,14.29
"1.75"" x 3.5""",Rectangle,18PT Uncoated Kraft,4/0 (4 color front),No Coating,250,0.0635,15.87
"1.75"" x 3.5""",Rectangle,18PT Uncoated Kraft,4/0 (4 color front),No Coating,500,0.0540,26.98
"1.75"" x 3.5""",Rectangle,18PT Uncoated Kraft,4/0 (4 color front),No Coating,1000,0.0500,50.03
"1.75"" x 3.5""",Rectangle,18PT Uncoated Kraft,4/4 (4 color both sides),No Coating,100,0.1587,15.87
"1.75"" x 3.5""",Rectangle,18PT Uncoated Kraft,4/4 (4 color both sides),No Coating,250,0.0762,19.05
"1.75"" x 3.5""",Rectangle,18PT Uncoated Kraft,4/4 (4 color both sides),No Coating,500,0.0667,33.34
"1.75"" x 3.5""",Rectangle,18PT Uncoated Kraft,4/4 (4 color both sides),No Coating,1000,0.0603,60.34
"1.75"" x 3.5""",Rectangle,18PT Uncoated Kraft,4/4 with White Mask on Back,No Coating,100,0.1747,17.47
"1.75"" x 3.5""",Rectangle,18PT Uncoated Kraft,4/4 with White Mask on Back,No Coating,250,0.0826,20.65
"1.75"" x 3.5""",Rectangle,18PT Uncoated Kraft,4/4 with White Mask on Back,No Coating,500,0.0794,39.69
"1.75"" x 3.5""",Rectangle,18PT Uncoated Kraft,4/4 with White Mask on Back,No Coating,1000,0.0746,74.64
"2"" x 2""",Square,18PT Uncoated Kraft,4/0 with White Mask,No Coating,100,0.1507,15.07
"2"" x 2""",Square,18PT Uncoated Kraft,4/0 with White Mask,No Coating,250,0.0699,17.47
"2"" x 2""",Square,18PT Uncoated Kraft,4/0 with White Mask,No Coating,500,0.0572,28.58
"2"" x 2""",Square,18PT Uncoated Kraft,4/0 with White Mask,No Coating,1000,0.0532,53.19
"2"" x 2""",Square,18PT Uncoated Kraft,4/4 with White Mask Both Sides,No Coating,100,0.1747,17.47
"2"" x 2""",Square,18PT Uncoated Kraft,4/4 with White Mask Both Sides,No Coating,250,0.0826,20.65
"2"" x 2""",Square,18PT Uncoated Kraft,4/4 with White Mask Both Sides,No Coating,500,0.0794,39.69
"2"" x 2""",Square,18PT Uncoated Kraft,4/4 with White Mask Both Sides,No Coating,1000,0.0746,74.64
"2"" x 2""",Square,18PT Uncoated Kraft,4/1 with White Mask on Front,No Coating,100,0.1667,16.67
"2"" x 2""",Square,18PT Uncoated Kraft,4/1 with White Mask on Front,No Coating,250,0.0794,19.85
"2"" x 2""",Square,18PT Uncoated Kraft,4/1 with White Mask on Front,No Coating,500,0.0683,34.14
"2"" x 2""",Square,18PT Uncoated Kraft,4/1 with White Mask on Front,No Coating,1000,0.0627,62.73
"2"" x 2""",Square,18PT Uncoated Kraft,4/4 with White Mask on Front,No Coating,100,0.1747,17.47
"2"" x 2""",Square,18PT Uncoated Kraft,4/4 with White Mask on Front,No Coating,250,0.0826,20.65
"2"" x 2""",Square,18PT Uncoated Kraft,4/4 with White Mask on Front,No Coating,500,0.0794,39.69
"2"" x 2""",Square,18PT Uncoated Kraft,4/4 with White Mask on Front,No Coating,1000,0.0746,74.64
"2"" x 2""",Square,18PT Uncoated Kraft,4/1,No Coating,100,0.1587,15.87
"2"" x 2""",Square,18PT Uncoated Kraft,4/1,No Coating,250,0.0762,19.05
"2"" x 2""",Square,18PT Uncoated Kraft,4/1,No Coating,500,0.0667,33.34
"2"" x 2""",Square,18PT Uncoated Kraft,4/1,No Coating,1000,0.0603,60.34
"2"" x 2""",Square,18PT Uncoated Kraft,4/0 (4 color front),No Coating,100,0.1429,14.29
"2"" x 2""",Square,18PT Uncoated Kraft,4/0 (4 color front),No Coating,250,0.0635,15.87
"2"" x 2""",Square,18PT Uncoated Kraft,4/0 (4 color front),No Coating,500,0.0540,26.98
"2"" x 2""",Square,18PT Uncoated Kraft,4/0 (4 color front),No Coating,1000,0.0500,50.03
"2"" x 2""",Square,18PT Uncoated Kraft,4/4 (4 color both sides),No Coating,100,0.1587,15.87
"2"" x 2""",Square,18PT Uncoated Kraft,4/4 (4 color both sides),No Coating,250,0.0762,19.05
"2"" x 2""",Square,18PT Uncoated Kraft,4/4 (4 color both sides),No Coating,500,0.0667,33.34
"2"" x 2""",Square,18PT Uncoated Kraft,4/4 (4 color both sides),No Coating,1000,0.0603,60.34
"2"" x 2""",Square,18PT Uncoated Kraft,4/4 with White Mask on Back,No Coating,100,0.1747,17.47
"2"" x 2""",Square,18PT Uncoated Kraft,4/4 with White Mask on Back,No Coating,250,0.0826,20.65
"2"" x 2""",Square,18PT Uncoated Kraft,4/4 with White Mask on Back,No Coating,500,0.0794,39.69
"2"" x 2""",Square,18PT Uncoated Kraft,4/4 with White Mask on Back,No Coating,1000,0.0746,74.64
"2"" x 3""",Rectangle,18PT Uncoated Kraft,4/0 with White Mask,No Coating,100,0.1507,15.07
"2"" x 3""",Rectangle,18PT Uncoated Kraft,4/0 with White Mask,No Coating,250,0.0699,17.47
"2"" x 3""",Rectangle,18PT Uncoated Kraft,4/0 with White Mask,No Coating,500,0.0572,28.58
"2"" x 3""",Rectangle,18PT Uncoated Kraft,4/0 with White Mask,No Coating,1000,0.0532,53.19
"2"" x 3""",Rectangle,18PT Uncoated Kraft,4/4 with White Mask Both Sides,No Coating,100,0.1747,17.47
"2"" x 3""",Rectangle,18PT Uncoated Kraft,4/4 with White Mask Both Sides,No Coating,250,0.0826,20.65
"2"" x 3""",Rectangle,18PT Uncoated Kraft,4/4 with White Mask Both Sides,No Coating,500,0.0794,39.69
"2"" x 3""",Rectangle,18PT Uncoated Kraft,4/4 with White Mask Both Sides,No Coating,1000,0.0746,74.64
"2"" x 3""",Rectangle,18PT Uncoated Kraft,4/1 with White Mask on Front,No Coating,100,0.1667,16.67
"2"" x 3""",Rectangle,18PT Uncoated Kraft,4/1 with White Mask on Front,No Coating,250,0.0794,19.85
"2"" x 3""",Rectangle,18PT Uncoated Kraft,4/1 with White Mask on Front,No Coating,500,0.0683,34.14
"2"" x 3""",Rectangle,18PT Uncoated Kraft,4/1 with White Mask on Front,No Coating,1000,0.0627,62.73
"2"" x 3""",Rectangle,18PT Uncoated Kraft,4/4 with White Mask on Front,No Coating,100,0.1747,17.47
"2"" x 3""",Rectangle,18PT Uncoated Kraft,4/4 with White Mask on Front,No Coating,250,0.0826,20.65
"2"" x 3""",Rectangle,18PT Uncoated Kraft,4/4 with White Mask on Front,No Coating,500,0.0794,39.69
"2"" x 3""",Rectangle,18PT Uncoated Kraft,4/4 with White Mask on Front,No Coating,1000,0.0746,74.64
"2"" x 3""",Rectangle,18PT Uncoated Kraft,4/1,No Coating,100,0.1587,15.87
"2"" x 3""",Rectangle,18PT Uncoated Kraft,4/1,No Coating,250,0.0762,19.05
"2"" x 3""",Rectangle,18PT Uncoated Kraft,4/1,No Coating,500,0.0667,33.34
"2"" x 3""",Rectangle,18PT Uncoated Kraft,4/1,No Coating,1000,0.0603,60.34
"2"" x 3""",Rectangle,18PT Uncoated Kraft,4/0 (4 color front),No Coating,100,0.1429,14.29
"2"" x 3""",Rectangle,18PT Uncoated Kraft,4/0 (4 color front),No Coating,250,0.0635,15.87
"2"" x 3""",Rectangle,18PT Uncoated Kraft,4/0 (4 color front),No Coating,500,0.0540,26.98
"2"" x 3""",Rectangle,18PT Uncoated Kraft,4/0 (4 color front),No Coating,1000,0.0500,50.03
"2"" x 3""",Rectangle,18PT Uncoated Kraft,4/4 (4 color both sides),No Coating,100,0.1587,15.87
"2"" x 3""",Rectangle,18PT Uncoated Kraft,4/4 (4 color both sides),No Coating,250,0.0762,19.05
"2"" x 3""",Rectangle,18PT Uncoated Kraft,4/4 (4 color both sides),No Coating,500,0.0667,33.34
"2"" x 3""",Rectangle,18PT Uncoated Kraft,4/4 (4 color both sides),No Coating,1000,0.0603,60.34
"2"" x 3""",Rectangle,18PT Uncoated Kraft,4/4 with White Mask on Back,No Coating,100,0.1747,17.47
"2"" x 3""",Rectangle,18PT Uncoated Kraft,4/4 with White Mask on Back,No Coating,250,0.0826,20.65
"2"" x 3""",Rectangle,18PT Uncoated Kraft,4/4 with White Mask on Back,No Coating,500,0.0794,39.69
"2"" x 3""",Rectangle,18PT Uncoated Kraft,4/4 with White Mask on Back,No Coating,1000,0.0746,74.64
"2"" x 3.5"" (US Standard)",Rectangle,18PT Uncoated Kraft,4/0 with White Mask,No Coating,100,0.1507,15.07
"2"" x 3.5"" (US Standard)",Rectangle,18PT Uncoated Kraft,4/0 with White Mask,No Coating,250,0.0699,17.47
"2"" x 3.5"" (US Standard)",Rectangle,18PT Uncoated Kraft,4/0 with White Mask,No Coating,500,0.0572,28.58
"2"" x 3.5"" (US Standard)",Rectangle,18PT Uncoated Kraft,4/0 with White Mask,No Coating,1000,0.0532,53.19
"2"" x 3.5"" (US Standard)",Rectangle,18PT Uncoated Kraft,4/4 with White Mask Both Sides,No Coating,100,0.1747,17.47
"2"" x 3.5"" (US Standard)",Rectangle,18PT Uncoated Kraft,4/4 with White Mask Both Sides,No Coating,250,0.0826,20.65
"2"" x 3.5"" (US Standard)",Rectangle,18PT Uncoated Kraft,4/4 with White Mask Both Sides,No Coating,500,0.0794,39.69
"2"" x 3.5"" (US Standard)",Rectangle,18PT Uncoated Kraft,4/4 with White Mask Both Sides,No Coating,1000,0.0746,74.64
"2"" x 3.5"" (US Standard)",Rectangle,18PT Uncoated Kraft,4/1 with White Mask on Front,No Coating,100,0.1667,16.67
"2"" x 3.5"" (US Standard)",Rectangle,18PT Uncoated Kraft,4/1 with White Mask on Front,No Coating,250,0.0794,19.85
"2"" x 3.5"" (US Standard)",Rectangle,18PT Uncoated Kraft,4/1 with White Mask on Front,No Coating,500,0.0683,34.14
"2"" x 3.5"" (US Standard)",Rectangle,18PT Uncoated Kraft,4/1 with White Mask on Front,No Coating,1000,0.0627,62.73
"2"" x 3.5"" (US Standard)",Rectangle,18PT Uncoated Kraft,4/4 with White Mask on Front,No Coating,100,0.1747,17.47
"2"" x 3.5"" (US Standard)",Rectangle,18PT Uncoated Kraft,4/4 with White Mask on Front,No Coating,250,0.0826,20.65
"2"" x 3.5"" (US Standard)",Rectangle,18PT Uncoated Kraft,4/4 with White Mask on Front,No Coating,500,0.0794,39.69
"2"" x 3.5"" (US Standard)",Rectangle,18PT Uncoated Kraft,4/4 with White Mask on Front,No Coating,1000,0.0746,74.64
"2"" x 3.5"" (US Standard)",Rectangle,18PT Uncoated Kraft,4/1,No Coating,100,0.1587,15.87
"2"" x 3.5"" (US Standard)",Rectangle,18PT Uncoated Kraft,4/1,No Coating,250,0.0762,19.05
"2"" x 3.5"" (US Standard)",Rectangle,18PT Uncoated Kraft,4/1,No Coating,500,0.0667,33.34
"2"" x 3.5"" (US Standard)",Rectangle,18PT Uncoated Kraft,4/1,No Coating,1000,0.0603,60.34
"2"" x 3.5"" (US Standard)",Rectangle,18PT Uncoated Kraft,4/0 (4 color front),No Coating,100,0.1429,14.29
"2"" x 3.5"" (US Standard)",Rectangle,18PT Uncoated Kraft,4/0 (4 color front),No Coating,250,0.0635,15.87
"2"" x 3.5"" (US Standard)",Rectangle,18PT Uncoated Kraft,4/0 (4 color front),No Coating,500,0.0540,26.98
"2"" x 3.5"" (US Standard)",Rectangle,18PT Uncoated Kraft,4/0 (4 color front),No Coating,1000,0.0500,50.03
"2"" x 3.5"" (US Standard)",Rectangle,18PT Uncoated Kraft,4/4 (4 color both sides),No Coating,100,0.1587,15.87
"2"" x 3.5"" (US Standard)",Rectangle,18PT Uncoated Kraft,4/4 (4 color both sides),No Coating,250,0.0762,19.05
"2"" x 3.5"" (US Standard)",Rectangle,18PT Uncoated Kraft,4/4 (4 color both sides),No Coating,500,0.0667,33.34
"2"" x 3.5"" (US Standard)",Rectangle,18PT Uncoated Kraft,4/4 (4 color both sides),No Coating,1000,0.0603,60.34
"2"" x 3.5"" (US Standard)",Rectangle,18PT Uncoated Kraft,4/4 with White Mask on Back,No Coating,100,0.1747,17.47
"2"" x 3.5"" (US Standard)",Rectangle,18PT Uncoated Kraft,4/4 with White Mask on Back,No Coating,250,0.0826,20.65
"2"" x 3.5"" (US Standard)",Rectangle,18PT Uncoated Kraft,4/4 with White Mask on Back,No Coating,500,0.0794,39.69
"2"" x 3.5"" (US Standard)",Rectangle,18PT Uncoated Kraft,4/4 with White Mask on Back,No Coating,1000,0.0746,74.64
"2"" x 4""",Rectangle,18PT Uncoated Kraft,4/0 with White Mask,No Coating,100,0.1827,18.27
"2"" x 4""",Rectangle,18PT Uncoated Kraft,4/0 with White Mask,No Coating,250,0.0826,20.65
"2"" x 4""",Rectangle,18PT Uncoated Kraft,4/0 with White Mask,No Coating,500,0.0730,36.52
"2"" x 4""",Rectangle,18PT Uncoated Kraft,4/0 with White Mask,No Coating,1000,0.0619,61.93
"2"" x 4""",Rectangle,18PT Uncoated Kraft,4/4 with White Mask Both Sides,No Coating,100,0.2065,20.65
"2"" x 4""",Rectangle,18PT Uncoated Kraft,4/4 with White Mask Both Sides,No Coating,250,0.0953,23.82
"2"" x 4""",Rectangle,18PT Uncoated Kraft,4/4 with White Mask Both Sides,No Coating,500,0.0857,42.87
"2"" x 4""",Rectangle,18PT Uncoated Kraft,4/4 with White Mask Both Sides,No Coating,1000,0.0826,82.57
"2"" x 4""",Rectangle,18PT Uncoated Kraft,4/1 with White Mask on Front,No Coating,100,0.1985,19.85
"2"" x 4""",Rectangle,18PT Uncoated Kraft,4/1 with White Mask on Front,No Coating,250,0.0921,23.02
"2"" x 4""",Rectangle,18PT Uncoated Kraft,4/1 with White Mask on Front,No Coating,500,0.0778,38.89
"2"" x 4""",Rectangle,18PT Uncoated Kraft,4/1 with White Mask on Front,No Coating,1000,0.0675,67.48
"2"" x 4""",Rectangle,18PT Uncoated Kraft,4/4 with White Mask on Front,No Coating,100,0.2065,20.65
"2"" x 4""",Rectangle,18PT Uncoated Kraft,4/4 with White Mask on Front,No Coating,250,0.0953,23.82
"2"" x 4""",Rectangle,18PT Uncoated Kraft,4/4 with White Mask on Front,No Coating,500,0.0857,42.87
"2"" x 4""",Rectangle,18PT Uncoated Kraft,4/4 with White Mask on Front,No Coating,1000,0.0826,82.57
"2"" x 4""",Rectangle,18PT Uncoated Kraft,4/1,No Coating,100,0.1905,19.05
"2"" x 4""",Rectangle,18PT Uncoated Kraft,4/1,No Coating,250,0.0889,22.23
"2"" x 4""",Rectangle,18PT Uncoated Kraft,4/1,No Coating,500,0.0762,38.12
"2"" x 4""",Rectangle,18PT Uncoated Kraft,4/1,No Coating,1000,0.0667,66.70
"2"" x 4""",Rectangle,18PT Uncoated Kraft,4/0 (4 color front),No Coating,100,0.1747,17.47
"2"" x 4""",Rectangle,18PT Uncoated Kraft,4/0 (4 color front),No Coating,250,0.0762,19.05
"2"" x 4""",Rectangle,18PT Uncoated Kraft,4/0 (4 color front),No Coating,500,0.0635,31.76
"2"" x 4""",Rectangle,18PT Uncoated Kraft,4/0 (4 color front),No Coating,1000,0.0556,55.57
"2"" x 4""",Rectangle,18PT Uncoated Kraft,4/4 (4 color both sides),No Coating,100,0.1905,19.05
"2"" x 4""",Rectangle,18PT Uncoated Kraft,4/4 (4 color both sides),No Coating,250,0.0889,22.23
"2"" x 4""",Rectangle,18PT Uncoated Kraft,4/4 (4 color both sides),No Coating,500,0.0762,38.12
"2"" x 4""",Rectangle,18PT Uncoated Kraft,4/4 (4 color both sides),No Coating,1000,0.0667,66.70
"2"" x 4""",Rectangle,18PT Uncoated Kraft,4/4 with White Mask on Back,No Coating,100,0.2065,20.65
"2"" x 4""",Rectangle,18PT Uncoated Kraft,4/4 with White Mask on Back,No Coating,250,0.0953,23.82
"2"" x 4""",Rectangle,18PT Uncoated Kraft,4/4 with White Mask on Back,No Coating,500,0.0857,42.87
"2"" x 4""",Rectangle,18PT Uncoated Kraft,4/4 with White Mask on Back,No Coating,1000,0.0826,82.57
"2.125"" x 3.375"" (EU Standard)",Rectangle,18PT Uncoated Kraft,4/0 with White Mask,No Coating,100,0.1507,15.07
"2.125"" x 3.375"" (EU Standard)",Rectangle,18PT Uncoated Kraft,4/0 with White Mask,No Coating,250,0.0699,17.47
"2.125"" x 3.375"" (EU Standard)",Rectangle,18PT Uncoated Kraft,4/0 with White Mask,No Coating,500,0.0572,28.58
"2.125"" x 3.375"" (EU Standard)",Rectangle,18PT Uncoated Kraft,4/0 with White Mask,No Coating,1000,0.0532,53.19
"2.125"" x 3.375"" (EU Standard)",Rectangle,18PT Uncoated Kraft,4/4 with White Mask Both Sides,No Coating,100,0.1747,17.47
"2.125"" x 3.375"" (EU Standard)",Rectangle,18PT Uncoated Kraft,4/4 with White Mask Both Sides,No Coating,250,0.0826,20.65
"2.125"" x 3.375"" (EU Standard)",Rectangle,18PT Uncoated Kraft,4/4 with White Mask Both Sides,No Coating,500,0.0794,39.69
"2.125"" x 3.375"" (EU Standard)",Rectangle,18PT Uncoated Kraft,4/4 with White Mask Both Sides,No Coating,1000,0.0746,74.64
"2.125"" x 3.375"" (EU Standard)",Rectangle,18PT Uncoated Kraft,4/1 with White Mask on Front,No Coating,100,0.1667,16.67
"2.125"" x 3.375"" (EU Standard)",Rectangle,18PT Uncoated Kraft,4/1 with White Mask on Front,No Coating,250,0.0794,19.85
"2.125"" x 3.375"" (EU Standard)",Rectangle,18PT Uncoated Kraft,4/1 with White Mask on Front,No Coating,500,0.0683,34.14
"2.125"" x 3.375"" (EU Standard)",Rectangle,18PT Uncoated Kraft,4/1 with White Mask on Front,No Coating,1000,0.0627,62.73
"2.125"" x 3.375"" (EU Standard)",Rectangle,18PT Uncoated Kraft,4/4 with White Mask on Front,No Coating,100,0.1747,17.47
"2.125"" x 3.375"" (EU Standard)",Rectangle,18PT Uncoated Kraft,4/4 with White Mask on Front,No Coating,250,0.0826,20.65
"2.125"" x 3.375"" (EU Standard)",Rectangle,18PT Uncoated Kraft,4/4 with White Mask on Front,No Coating,500,0.0794,39.69
"2.125"" x 3.375"" (EU Standard)",Rectangle,18PT Uncoated Kraft,4/4 with White Mask on Front,No Coating,1000,0.0746,74.64
"2.125"" x 3.375"" (EU Standard)",Rectangle,18PT Uncoated Kraft,4/1,No Coating,100,0.1587,15.87
"2.125"" x 3.375"" (EU Standard)",Rectangle,18PT Uncoated Kraft,4/1,No Coating,250,0.0762,19.05
"2.125"" x 3.375"" (EU Standard)",Rectangle,18PT Uncoated Kraft,4/1,No Coating,500,0.0667,33.34
"2.125"" x 3.375"" (EU Standard)",Rectangle,18PT Uncoated Kraft,4/1,No Coating,1000,0.0603,60.34
"2.125"" x 3.375"" (EU Standard)",Rectangle,18PT Uncoated Kraft,4/0 (4 color front),No Coating,100,0.1429,14.29
"2.125"" x 3.375"" (EU Standard)",Rectangle,18PT Uncoated Kraft,4/0 (4 color front),No Coating,250,0.0635,15.87
"2.125"" x 3.375"" (EU Standard)",Rectangle,18PT Uncoated Kraft,4/0 (4 color front),No Coating,500,0.0540,26.98
"2.125"" x 3.375"" (EU Standard)",Rectangle,18PT Uncoated Kraft,4/0 (4 color front),No Coating,1000,0.0500,50.03
"2.125"" x 3.375"" (EU Standard)",Rectangle,18PT Uncoated Kraft,4/4 (4 color both sides),No Coating,100,0.1587,15.87
"2.125"" x 3.375"" (EU Standard)",Rectangle,18PT Uncoated Kraft,4/4 (4 color both sides),No Coating,250,0.0762,19.05
"2.125"" x 3.375"" (EU Standard)",Rectangle,18PT Uncoated Kraft,4/4 (4 color both sides),No Coating,500,0.0667,33.34
"2.125"" x 3.375"" (EU Standard)",Rectangle,18PT Uncoated Kraft,4/4 (4 color both sides),No Coating,1000,0.0603,60.34
"2.125"" x 3.375"" (EU Standard)",Rectangle,18PT Uncoated Kraft,4/4 with White Mask on Back,No Coating,100,0.1747,17.47
"2.125"" x 3.375"" (EU Standard)",Rectangle,18PT Uncoated Kraft,4/4 with White Mask on Back,No Coating,250,0.0826,20.65
"2.125"" x 3.375"" (EU Standard)",Rectangle,18PT Uncoated Kraft,4/4 with White Mask on Back,No Coating,500,0.0794,39.69
"2.125"" x 3.375"" (EU Standard)",Rectangle,18PT Uncoated Kraft,4/4 with White Mask on Back,No Coating,1000,0.0746,74.64
"2.5"" x 2.5""",Square,18PT Uncoated Kraft,4/0 with White Mask,No Coating,100,0.1747,17.47
"2.5"" x 2.5""",Square,18PT Uncoated Kraft,4/0 with White Mask,No Coating,250,0.0762,19.05
"2.5"" x 2.5""",Square,18PT Uncoated Kraft,4/0 with White Mask,No Coating,500,0.0635,31.76
"2.5"" x 2.5""",Square,18PT Uncoated Kraft,4/0 with White Mask,No Coating,1000,0.0588,58.75
"2.5"" x 2.5""",Square,18PT Uncoated Kraft,4/4 with White Mask Both Sides,No Coating,100,0.1905,19.05
"2.5"" x 2.5""",Square,18PT Uncoated Kraft,4/4 with White Mask Both Sides,No Coating,250,0.0889,22.23
"2.5"" x 2.5""",Square,18PT Uncoated Kraft,4/4 with White Mask Both Sides,No Coating,500,0.0762,38.12
"2.5"" x 2.5""",Square,18PT Uncoated Kraft,4/4 with White Mask Both Sides,No Coating,1000,0.0667,66.70
"2.5"" x 2.5""",Square,18PT Uncoated Kraft,4/1 with White Mask on Front,No Coating,100,0.1827,18.27
"2.5"" x 2.5""",Square,18PT Uncoated Kraft,4/1 with White Mask on Front,No Coating,250,0.0857,21.43
"2.5"" x 2.5""",Square,18PT Uncoated Kraft,4/1 with White Mask on Front,No Coating,500,0.0746,37.32
"2.5"" x 2.5""",Square,18PT Uncoated Kraft,4/1 with White Mask on Front,No Coating,1000,0.0659,65.90
"2.5"" x 2.5""",Square,18PT Uncoated Kraft,4/4 with White Mask on Front,No Coating,100,0.1905,19.05
"2.5"" x 2.5""",Square,18PT Uncoated Kraft,4/4 with White Mask on Front,No Coating,250,0.0889,22.23
"2.5"" x 2.5""",Square,18PT Uncoated Kraft,4/4 with White Mask on Front,No Coating,500,0.0762,38.12
"2.5"" x 2.5""",Square,18PT Uncoated Kraft,4/4 with White Mask on Front,No Coating,1000,0.0667,66.70
"2.5"" x 2.5""",Square,18PT Uncoated Kraft,4/1,No Coating,100,0.1747,17.47
"2.5"" x 2.5""",Square,18PT Uncoated Kraft,4/1,No Coating,250,0.0826,20.65
"2.5"" x 2.5""",Square,18PT Uncoated Kraft,4/1,No Coating,500,0.0730,36.52
"2.5"" x 2.5""",Square,18PT Uncoated Kraft,4/1,No Coating,1000,0.0635,63.50
"2.5"" x 2.5""",Square,18PT Uncoated Kraft,4/0 (4 color front),No Coating,100,0.1587,15.87
"2.5"" x 2.5""",Square,18PT Uncoated Kraft,4/0 (4 color front),No Coating,250,0.0699,17.47
"2.5"" x 2.5""",Square,18PT Uncoated Kraft,4/0 (4 color front),No Coating,500,0.0604,30.18
"2.5"" x 2.5""",Square,18PT Uncoated Kraft,4/0 (4 color front),No Coating,1000,0.0524,52.39
"2.5"" x 2.5""",Square,18PT Uncoated Kraft,4/4 (4 color both sides),No Coating,100,0.1747,17.47
"2.5"" x 2.5""",Square,18PT Uncoated Kraft,4/4 (4 color both sides),No Coating,250,0.0826,20.65
"2.5"" x 2.5""",Square,18PT Uncoated Kraft,4/4 (4 color both sides),No Coating,500,0.0730,36.52
"2.5"" x 2.5""",Square,18PT Uncoated Kraft,4/4 (4 color both sides),No Coating,1000,0.0635,63.50
"2.5"" x 2.5""",Square,18PT Uncoated Kraft,4/4 with White Mask on Back,No Coating,100,0.1905,19.05
"2.5"" x 2.5""",Square,18PT Uncoated Kraft,4/4 with White Mask on Back,No Coating,250,0.0889,22.23
"2.5"" x 2.5""",Square,18PT Uncoated Kraft,4/4 with White Mask on Back,No Coating,500,0.0762,38.12
"2.5"" x 2.5""",Square,18PT Uncoated Kraft,4/4 with White Mask on Back,No Coating,1000,0.0667,66.70
